similarity	pValue	nGenes	compound	lincsPertID	GeneTargets	concentration	time	signatureid	cellline
1	0	506	Ritonavir	LSM-5623	CYP1A2|CYP2B6|CYP2C19|CYP2C8|CYP2C9|CYP2D6|CYP2E1|CYP3A4|CYP3A5|CYP3A7	10uM	24h	LINCSCP_91636	HA1E
0.4275	6.7372e-24	506	BMS-777607	LSM-1144	AXL|MERTK|MET|MST1R|TYRO3	3.33uM	24h	LINCSCP_157182	PC3
0.426	1.0036e-23	506	Ornidazole	LSM-1548	NA	0.04uM	24h	LINCSCP_91485	HA1E
0.419	6.2767e-23	506	TG 100801	LSM-45980	BLK|EPHB4|FGFR1|FGFR2|FGR|FLT1|FRK|FYN|HCK|KDR|LCK|LYN|PDGFRB|SRC|SRMS|YES1	0.04uM	24h	LINCSCP_169613	YAPC
0.3914	5.7403e-20	506	Bretazenil	LSM-45874	NA	0.04uM	24h	LINCSCP_111132	HELA
0.3913	5.7544e-20	506	NUTLIN 3	LSM-4288	MDM2	10uM	24h	LINCSCP_169554	YAPC
0.391	6.2936e-20	506	Meptazinol	LSM-1252	NA	3.33uM	24h	LINCSCP_91439	HA1E
0.3869	1.6238e-19	506	AMG 837 (calcium hydrate)	LSM-45945	NA	3.33uM	24h	LINCSCP_73192	A375
0.3867	1.6858e-19	506	(-)-Tramadol	LSM-3125	OPRM1|SLC6A2|SLC6A4	0.12uM	24h	LINCSCP_91826	HA1E
0.3736	3.3209e-18	506	Halofantrine	LSM-5072	NA	1.11uM	24h	LINCSCP_168819	YAPC
0.37	7.291e-18	506	Sulpiride	LSM-5080	CA7|DRD2|DRD3	0.04uM	24h	LINCSCP_168756	YAPC
0.3685	1.0157e-17	506	AMG 837 (calcium hydrate)	LSM-45945	NA	3.33uM	24h	LINCSCP_91517	HA1E
0.3581	9.3142e-17	506	Minaprine	LSM-2037	HTR2B|SLC6A4	0.04uM	24h	LINCSCP_75160	A375
0.3575	1.067e-16	506	Penciclovir	LSM-5587	NA	10uM	24h	LINCSCP_95929	HA1E
0.3547	1.8936e-16	506	Rilmenidine	LSM-4253	ADRA2A|NISCH	0.12uM	24h	LINCSCP_169852	YAPC
0.3533	2.5364e-16	506	Cholic acid	LSM-5541	CES1|FECH|PLA2G1B	0.12uM	24h	LINCSCP_93892	HA1E
0.3532	2.5706e-16	506	CLONAZEPAM	LSM-45776	GABRA1|GABRA2|GABRA3|GABRA4|GABRA5|GABRA6|GABRB1|GABRB2|GABRB3|GABRD|GABRE|GABRG1|GABRG2|GABRG3|GABRP|GABRQ	0.12uM	24h	LINCSCP_93694	HA1E
0.3508	4.2089e-16	506	Glipizide	LSM-2251	ABCC8|KCNJ11	0.04uM	24h	LINCSCP_137765	MCF7
0.3449	1.4042e-15	506	SU-11652	LSM-43098	KDR|PDGFRB	0.12uM	24h	LINCSCP_91796	HA1E
0.3448	1.4422e-15	506	PA-824	LSM-45767	NA	3.33uM	24h	LINCSCP_111092	HELA
0.3447	1.4575e-15	506	Diethylpropion	LSM-5038	SLC6A2|SLC6A3	0.37uM	24h	LINCSCP_91585	HA1E
0.3432	1.9615e-15	506	Castanospermine	LSM-45891	NA	3.33uM	24h	LINCSCP_119876	HT29
0.3421	2.4224e-15	506	omeprazole	LSM-45749	NA	3.33uM	24h	LINCSCP_121860	HT29
0.3389	4.6193e-15	506	Osimertinib	LSM-6344	EGFR|ERBB2|ERBB3|ERBB4	0.04uM	24h	LINCSCP_168492	YAPC
0.3383	5.1821e-15	506	Amineptine	LSM-45457	NA	0.04uM	24h	LINCSCP_168450	YAPC
0.3382	5.2637e-15	506	BRD-A32440707	LSM-45970	NA	0.04uM	24h	LINCSCP_121858	HT29
0.3377	5.7705e-15	506	Trimethobenzamide	LSM-2750	DRD2	0.04uM	24h	LINCSCP_155306	PC3
0.3362	7.7152e-15	506	FK888	LSM-3876	TACR1	1.11uM	24h	LINCSCP_141367	MCF7
0.3345	1.0713e-14	506	nimodipine	LSM-45413	NA	0.04uM	24h	LINCSCP_74959	A375
0.3339	1.2198e-14	506	Cobicistat (GS-9350)	LSM-45771	CYP3A4|CYP3A43|CYP3A5|CYP3A7|CYP3A7-CYP3A51P	0.04uM	24h	LINCSCP_91809	HA1E
0.3337	1.2593e-14	506	nimodipine	LSM-45413	NA	3.33uM	24h	LINCSCP_74955	A375
0.3329	1.4674e-14	506	XL335	LSM-45859	NR1H4	10uM	24h	LINCSCP_168697	YAPC
0.3327	1.5394e-14	506	GSK-1904529A	LSM-1134	IGF1R|INSR	0.04uM	24h	LINCSCP_163653	SKBR3
0.332	1.7372e-14	506	Labetalol	LSM-1282	ADRA1A|ADRA1B|ADRA1D|ADRA2A|ADRA2B|ADRA2C|ADRB1|ADRB2|ADRB3	0.04uM	24h	LINCSCP_138401	MCF7
0.3306	2.2916e-14	506	Siramesine (hydrochloride)	LSM-45705	NA	0.12uM	24h	LINCSCP_73293	A375
0.33	2.5435e-14	506	Curcumin	LSM-43083	PTGS1|PTGS2	0.12uM	24h	LINCSCP_76658	A375
0.3283	3.5129e-14	506	BRD-A31180007	LSM-45646	NA	0.12uM	24h	LINCSCP_168257	YAPC
0.3278	3.8604e-14	506	Amlexanox	LSM-5432	PDE4A|PDE4B|PDE4C|PDE4D	10uM	24h	LINCSCP_120887	HT29
0.3259	5.4807e-14	506	Lorazepam	LSM-4970	GABRA1|GABRA2|GABRA3|GABRA4|GABRA5|GABRA6|GABRB1|GABRB2|GABRB3|GABRD|GABRE|GABRG1|GABRG2|GABRG3|GABRP|GABRQ	0.37uM	24h	LINCSCP_104384	HELA
0.3256	5.782e-14	506	Vortioxetine (Lu AA21004) HBr	LSM-45585	HTR1A|HTR3A|SLC6A4	0.37uM	24h	LINCSCP_123495	HT29
0.3256	5.8744e-14	506	Epitiostanol	LSM-45392	NA	0.04uM	24h	LINCSCP_75136	A375
0.3255	5.8981e-14	506	TH-302	LSM-45919	NA	0.37uM	24h	LINCSCP_168268	YAPC
0.325	6.5388e-14	506	Sulconazole	LSM-1751	NA	10uM	6h	LINCSCP_14529	HA1E
0.3244	7.2712e-14	506	Praziquantel	LSM-1387	NA	10uM	24h	LINCSCP_168295	YAPC
0.3239	7.9946e-14	506	Famciclovir	LSM-2990	NA	0.12uM	24h	LINCSCP_172805	YAPC
0.3237	8.2951e-14	506	Selumetinib	LSM-1056	MAP2K1|MAP2K2	0.12uM	24h	LINCSCP_139642	MCF7
0.3236	8.397e-14	506	SIN-1, Hydrochloride	LSM-45857	NA	3.33uM	24h	LINCSCP_79208	A375
0.3233	8.961e-14	506	Rilmenidine	LSM-4253	ADRA2A|NISCH	0.37uM	24h	LINCSCP_169851	YAPC
0.3232	9.072e-14	506	Diclofenac	LSM-2160	PTGS1|PTGS2	0.04uM	24h	LINCSCP_135985	MCF7
0.3232	9.1938e-14	506	Furosemide	LSM-5847	SLC12A1|SLC12A2	3.33uM	24h	LINCSCP_161205	PC3
0.3229	9.58e-14	506	Raltegravir	LSM-5233	NA	0.04uM	24h	LINCSCP_75232	A375
0.3221	1.1243e-13	506	Ambrisentan	LSM-45789	EDNRA|EDNRB	1.11uM	24h	LINCSCP_93788	HA1E
0.322	1.1468e-13	506	PD-173074	LSM-1026	FGFR1|FGFR3	0.12uM	24h	LINCSCP_131318	MCF10A
0.3215	1.2375e-13	506	Enoxolone	LSM-45606	NA	10uM	24h	LINCSCP_92002	HA1E
0.3211	1.3309e-13	506	AGI-6780	LSM-45921	NA	3.33uM	24h	LINCSCP_121560	HT29
0.3202	1.5924e-13	506	Roquinimex	LSM-2046	NA	3.33uM	24h	LINCSCP_93601	HA1E
0.3193	1.8704e-13	506	Altanserin	LSM-1987	HTR2A	10uM	24h	LINCSCP_121925	HT29
0.3192	1.889e-13	506	LY451395	LSM-45718	GRIA1|GRIA2|GRIA3|GRIA4	1.11uM	24h	LINCSCP_170910	YAPC
0.3184	2.1776e-13	506	Emedastine	LSM-5331	HRH1	0.12uM	24h	LINCSCP_138016	MCF7
0.3175	2.5975e-13	506	Donitriptan hydrochloride	LSM-45430	HTR1B|HTR1D|PTGDR2	0.37uM	24h	LINCSCP_137565	MCF7
0.3171	2.778e-13	506	Bicalutamide	LSM-1437	AR	0.04uM	24h	LINCSCP_155671	PC3
0.3166	3.0368e-13	506	Acyclovir	LSM-5459	NA	0.37uM	24h	LINCSCP_155310	PC3
0.3166	3.0506e-13	506	GW842166X	LSM-45586	CNR2	0.37uM	24h	LINCSCP_104024	HELA
0.3162	3.2531e-13	506	Rifabutin	LSM-5004	NA	0.12uM	24h	LINCSCP_120927	HT29
0.3161	3.3504e-13	506	Rifabutin	LSM-5004	NA	0.04uM	24h	LINCSCP_92324	HA1E
0.316	3.3833e-13	506	Sepantronium	LSM-5399	BIRC5	0.5uM	6h	LINCSCP_29389	LOVO
0.3146	4.3482e-13	506	Tacrine	LSM-5871	ACHE|BCHE	0.04uM	24h	LINCSCP_159967	PC3
0.3143	4.5726e-13	506	Pentoxifylline	LSM-3285	ADORA2A|ADORA2B|PDE10A|PDE1A|PDE1B|PDE1C|PDE2A|PDE3A|PDE3B|PDE4A|PDE4B|PDE4C|PDE4D|PDE5A|PDE6A|PDE6B|PDE6C|PDE6D|PDE6G|PDE6H|PDE7A|PDE7B|PDE8A|PDE8B|PDE9A|TNF	0.12uM	24h	LINCSCP_139672	MCF7
0.3139	4.953e-13	506	NEFIRACETAM	LSM-45762	NA	0.12uM	24h	LINCSCP_95634	HA1E
0.3134	5.4069e-13	506	Ifenprodil	LSM-4369	GRIN1|GRIN2B	3.33uM	24h	LINCSCP_168422	YAPC
0.3128	6.0514e-13	506	JNJ-38877605	LSM-1157	MET	10uM	24h	LINCSCP_93464	HA1E
0.3118	7.2234e-13	506	SPECTRUM_001060	LSM-1251	ESR1	0.37uM	24h	LINCSCP_75140	A375
0.311	8.232e-13	506	Zuclomiphene	LSM-42849	ESR1	1.11uM	24h	LINCSCP_120901	HT29
0.311	8.3126e-13	506	PSI-7977	LSM-45846	NA	0.12uM	24h	LINCSCP_121653	HT29
0.3104	9.115e-13	506	Anidulafungin	LSM-45534	NA	0.04uM	24h	LINCSCP_143344	MCF7
0.3094	1.1031e-12	506	Rilpivirine	LSM-45777	NA	10uM	24h	LINCSCP_121685	HT29
0.3086	1.2626e-12	506	Glyburide	LSM-2811	ABCC8|CFTR|KCNJ11|KCNJ5|KCNJ8	3.33uM	24h	LINCSCP_168866	YAPC
0.3072	1.6104e-12	506	karakoline	LSM-45542	NA	10uM	24h	LINCSCP_93296	HA1E
0.3063	1.8665e-12	506	Felodipine	LSM-1447	CACNA1C|CACNA1D|CACNA1F|CACNA1S|NR3C2	0.37uM	24h	LINCSCP_120932	HT29
0.3063	1.8709e-12	506	10-DEBC	LSM-4710	PIM1	1.11uM	24h	LINCSCP_155165	PC3
0.306	1.9894e-12	506	Actarit	LSM-5475	NA	10uM	24h	LINCSCP_121073	HT29
0.3051	2.3085e-12	506	10-DEBC	LSM-4710	PIM1	1.11uM	24h	LINCSCP_73441	A375
0.305	2.363e-12	506	PH-797804	LSM-36373	MAPK14	3.33uM	24h	LINCSCP_98787	HA1E
0.3047	2.4959e-12	506	Dofequidar (fumarate)	LSM-45877	NA	1.11uM	24h	LINCSCP_138026	MCF7
0.3041	2.7745e-12	506	Trovafloxacin mesylate	LSM-45386	NA	0.37uM	24h	LINCSCP_156699	PC3
0.3033	3.136e-12	506	CI-1040	LSM-1048	MAP2K1|MAP2K2	1.11uM	24h	LINCSCP_138182	MCF7
0.3031	3.2809e-12	506	Suprofen	LSM-4406	PTGS1|PTGS2	3.33uM	24h	LINCSCP_135405	MCF7
0.3023	3.7687e-12	506	AZ628	LSM-1050	BRAF|RAF1	0.12uM	24h	LINCSCP_121677	HT29
0.3007	4.9591e-12	506	CHEMBL1083527	LSM-1122	NA	0.37uM	24h	LINCSCP_130527	MCF10A
0.3	5.5161e-12	506	THZ-2-98-01	LSM-44946	NA	3.33uM	24h	LINCSCP_163738	SKBR3
0.3	5.5492e-12	506	Linezolid	LSM-5750	MAOA|MAOB	0.04uM	24h	LINCSCP_95689	HA1E
0.3	5.5522e-12	506	Doxazosin	LSM-4335	ADRA1A|ADRA1B|ADRA1D	3.33uM	24h	LINCSCP_137893	MCF7
0.2995	6.0259e-12	506	BMS-387032	LSM-1132	CDK2|CDK7|CDK9	3.33uM	3h	LINCSCP_145796	MDAMB231
0.2993	6.2158e-12	506	AMD-070 (hydrochloride)	LSM-45591	NA	0.37uM	24h	LINCSCP_93879	HA1E
0.2989	6.6671e-12	506	Ornidazole	LSM-1548	NA	1.11uM	24h	LINCSCP_168471	YAPC
0.2988	6.8259e-12	506	TH-302	LSM-45919	NA	10uM	24h	LINCSCP_168265	YAPC
0.2987	6.926e-12	506	Cytisine	LSM-6464	NA	10uM	24h	LINCSCP_139536	MCF7
0.2981	7.6883e-12	506	127408-30-4	LSM-2947	KCNJ8	1.11uM	24h	LINCSCP_170880	YAPC
0.2981	7.6908e-12	506	FK 866	LSM-43216	NAMPT	3.33uM	24h	LINCSCP_155344	PC3
0.298	7.8104e-12	506	PS-1145	LSM-5975	IKBKB	5uM	6h	LINCSCP_25135	HT115
0.2979	7.8406e-12	506	936890-98-1	LSM-42786	MTOR	0.04uM	24h	LINCSCP_129816	LNCAP
0.2976	8.2905e-12	506	Lorcaserin HCl	LSM-45745	HTR2C	0.37uM	24h	LINCSCP_158328	PC3
0.2975	8.3972e-12	506	Rifabutin	LSM-5004	NA	0.37uM	24h	LINCSCP_92322	HA1E
0.2975	8.4179e-12	506	AZD1152	LSM-45885	AURKB	1.11uM	24h	LINCSCP_103693	HELA
0.2975	8.4553e-12	506	Rottlerin	LSM-42845	NA	0.12uM	24h	LINCSCP_170590	YAPC
0.2972	8.8702e-12	506	Lu AE58054 (Hydrochloride)	LSM-45537	HTR6	3.33uM	24h	LINCSCP_175233	YAPC
0.2967	9.6201e-12	506	Pantoprazole	LSM-1390	ATP4A|ATP4B	0.04uM	24h	LINCSCP_119951	HT29
0.2967	9.6228e-12	506	(-)-Tramadol	LSM-3125	OPRM1|SLC6A2|SLC6A4	0.12uM	24h	LINCSCP_168815	YAPC
0.2959	1.1116e-11	506	GDC-0980 (RG7422)	LSM-45720	MTOR|PIK3CA|PIK3CB|PIK3CD|PIK3CG|PIK3R1|PIK3R2|PIK3R3|PIK3R5	0.12uM	24h	LINCSCP_168413	YAPC
0.2957	1.1386e-11	506	Tyrphostin AG-112	LSM-43079	NA	0.04uM	24h	LINCSCP_73426	A375
0.2938	1.5754e-11	506	Rimonabant	LSM-36994	CNR1	3.33uM	24h	LINCSCP_92716	HA1E
0.2936	1.6226e-11	506	Esmolol	LSM-4957	ADRB1|ADRB2	0.37uM	24h	LINCSCP_105001	HELA
0.2932	1.7186e-11	506	Sirolimus	LSM-42783	FKBP1A|MTOR	1.11uM	3h	LINCSCP_113567	HME1
0.2927	1.8676e-11	506	Swainsonine	LSM-45602	NA	0.14uM	24h	LINCSCP_138022	MCF7
0.2927	1.8895e-11	506	Diphenidol	LSM-2008	CHRM1|CHRM3|CHRM4	1.11uM	24h	LINCSCP_93418	HA1E
0.2924	1.978e-11	506	GSK 1059615	LSM-42799	PIK3CA|PIK3CB|PIK3CD|PIK3CG	0.37uM	24h	LINCSCP_84611	ASC
0.2923	1.9865e-11	506	Telmisartan	LSM-3657	AGTR1|PPARG	3.33uM	24h	LINCSCP_161499	PC3
0.2921	2.0711e-11	506	Tyrphostin AG-112	LSM-43079	NA	10uM	24h	LINCSCP_73421	A375
0.2919	2.1385e-11	506	Dexniguldipine	LSM-15285	NA	0.12uM	24h	LINCSCP_157353	PC3
0.2917	2.2071e-11	506	Desmopressin	LSM-46024	NA	10uM	24h	LINCSCP_96019	HA1E
0.2911	2.4492e-11	506	Tonabersat	LSM-45914	NA	0.04uM	24h	LINCSCP_120508	HT29
0.2909	2.4985e-11	506	CHEMBL2132289	LSM-1044	RPS6KA3	3.33uM	24h	LINCSCP_84805	ASC
0.2907	2.5991e-11	506	NVP DPP 728 dihydrochloride	LSM-45615	NA	0.37uM	24h	LINCSCP_126403	HT29
0.2904	2.716e-11	506	GDC-0980 (RG7422)	LSM-45720	MTOR|PIK3CA|PIK3CB|PIK3CD|PIK3CG|PIK3R1|PIK3R2|PIK3R3|PIK3R5	0.37uM	24h	LINCSCP_73102	A375
0.2901	2.848e-11	506	Pomalidomide	LSM-45637	CRBN|CUL4A|DDB1|RBX1	3.33uM	24h	LINCSCP_169639	YAPC
0.29	2.8958000000000002e-11	506	Voriconazole	LSM-5244	CYP2C19|CYP2C9|CYP3A4|CYP3A5|PTGS1	3.33uM	24h	LINCSCP_121722	HT29
0.2898	3.0257e-11	506	CGP-12177	LSM-1474	NA	0.37uM	24h	LINCSCP_93765	HA1E
0.2896	3.1193e-11	506	Cyclohexanecarboxamide, 4-(1-aminoethyl)-n-4-pyridinyl-, trans-	LSM-1177	ROCK1|ROCK2	3.33uM	24h	LINCSCP_158380	PC3
0.2896	3.1242e-11	506	Ataluren	LSM-5991	DMD	1.11uM	24h	LINCSCP_111003	HELA
0.2895	3.1696e-11	506	nimodipine	LSM-45413	NA	0.37uM	24h	LINCSCP_138489	MCF7
0.2892	3.3132e-11	506	Dinaciclib	LSM-6306	CDK1|CDK2|CDK5|CDK9	0.04uM	24h	LINCSCP_169745	YAPC
0.2892	3.3139e-11	506	TORIN1	LSM-1079	MTOR	0.12uM	3h	LINCSCP_164154	SKBR3
0.2892	3.3447e-11	506	Empagliflozin (BI 10773)	LSM-45879	SLC5A2	0.37uM	24h	LINCSCP_91723	HA1E
0.2881	3.9687e-11	506	BRD-K00248354	LSM-45928	NA	10uM	24h	LINCSCP_169602	YAPC
0.2881	3.9808e-11	506	Temsirolimus (CCI-779, NSC 683864)	LSM-45994	MTOR	3.33uM	24h	LINCSCP_73163	A375
0.2877	4.261e-11	506	Cholic acid	LSM-5541	CES1|FECH|PLA2G1B	0.04uM	24h	LINCSCP_93893	HA1E
0.2872	4.5861e-11	506	Clindamycin	LSM-45814	NA	0.04uM	24h	LINCSCP_171809	YAPC
0.2871	4.6318e-11	506	AZ628	LSM-1050	BRAF|RAF1	0.12uM	24h	LINCSCP_138256	MCF7
0.2861	5.4717e-11	506	STK-674938	LSM-45580	NA	0.37uM	24h	LINCSCP_126385	HT29
0.2861	5.5202e-11	506	PHA-793887	LSM-1073	CDK1|CDK10|CDK11B|CDK12|CDK13|CDK14|CDK15|CDK16|CDK17|CDK18|CDK19|CDK2|CDK20|CDK3|CDK4|CDK5|CDK6|CDK7|CDK8|CDK9	0.12uM	3h	LINCSCP_130180	LNCAP
0.2861	5.5206e-11	506	AS-605240	LSM-42784	PIK3CG	10uM	24h	LINCSCP_130032	LNCAP
0.2858	5.7593e-11	506	Ticagrelor	LSM-45528	NA	0.04uM	24h	LINCSCP_95779	HA1E
0.2857	5.801e-11	506	Toremifene	LSM-42973	ESR1|ESR2	1.11uM	24h	LINCSCP_136790	MCF7
0.2856	5.9813e-11	506	nimodipine	LSM-45413	NA	10uM	24h	LINCSCP_74954	A375
0.285	6.5491e-11	506	Defactinib	LSM-45153	PTK2|PTK2B	0.04uM	24h	LINCSCP_157330	PC3
0.2848	6.7202e-11	506	ETOPOSIDE	LSM-6348	TOP2A|TOP2B	0.04uM	24h	LINCSCP_121876	HT29
0.2846	6.9918e-11	506	GW842166X	LSM-45586	CNR2	0.12uM	24h	LINCSCP_104025	HELA
0.2845	7.0708e-11	506	PK-11195	LSM-1532	TSPO	10uM	24h	LINCSCP_157211	PC3
0.2838	7.8974e-11	506	SCHEMBL3664910	LSM-36935	NA	10uM	24h	LINCSCP_43213	NPC
0.2838	7.949e-11	506	Ambrisentan	LSM-45789	EDNRA|EDNRB	0.04uM	24h	LINCSCP_75457	A375
0.2836	8.1514e-11	506	CHEMBL179288	LSM-3648	NA	0.04uM	24h	LINCSCP_73420	A375
0.2831	8.9024e-11	506	AV-412 (free base)	LSM-45753	NA	0.04uM	24h	LINCSCP_120023	HT29
0.283	8.97e-11	506	Pasireotide (ditrifluoroacetate)	LSM-45412	NA	1.11uM	24h	LINCSCP_123243	HT29
0.2829	9.1525e-11	506	Cyclosporin A	LSM-42829	PPIA|PPP3CA	1.11uM	24h	LINCSCP_108961	HELA
0.2828	9.3109000000000006e-11	506	PF-3084014	LSM-45940	NA	10uM	24h	LINCSCP_107229	HELA
0.2826	9.4962e-11	506	PF-562271	LSM-1072	PTK2|PTK2B	0.04uM	24h	LINCSCP_85919	BT20
0.2824	9.8008e-11	506	KO143	LSM-6260	ABCG2	40uM	6h	LINCSCP_40102	NCIH2073
0.2816	1.1168e-10	506	Temsirolimus (CCI-779, NSC 683864)	LSM-45994	MTOR	10uM	24h	LINCSCP_154877	PC3
-0.2806	1.3018e-10	506	BRD-K00486725	LSM-45808	NA	1.11uM	24h	LINCSCP_93034	HA1E
0.2803	1.3764e-10	506	Tacedinaline	LSM-19036	HDAC1|HDAC10|HDAC11|HDAC2|HDAC3|HDAC4|HDAC5|HDAC6|HDAC7|HDAC8|HDAC9	0.04uM	24h	LINCSCP_123408	HT29
0.2802	1.3886e-10	506	Anidulafungin	LSM-45534	NA	1.11uM	24h	LINCSCP_109955	HELA
0.2802	1.3956e-10	506	DIMINAZENE ACETURATE	LSM-45976	NA	0.37uM	24h	LINCSCP_99041	HA1E
0.2801	1.4261e-10	506	Pimozide	LSM-2001	DRD1|DRD2|DRD3|DRD4|DRD5|HTR2A	0.37uM	24h	LINCSCP_75044	A375
0.2801	1.429e-10	506	CLONAZEPAM	LSM-45776	GABRA1|GABRA2|GABRA3|GABRA4|GABRA5|GABRA6|GABRB1|GABRB2|GABRB3|GABRD|GABRE|GABRG1|GABRG2|GABRG3|GABRP|GABRQ	0.04uM	24h	LINCSCP_93695	HA1E
0.2795	1.5634e-10	506	Idelalisib	LSM-1205	PIK3CD|PIK3CG	1.11uM	24h	LINCSCP_157555	PC3
0.2794	1.5878e-10	506	GSK256066	LSM-45984	NA	1.11uM	24h	LINCSCP_105473	HELA
0.2792	1.6248e-10	506	Oxymetholone	LSM-36952	AR	20uM	24h	LINCSCP_17082	HA1E
0.279	1.687e-10	506	Mepivacaine	LSM-4306	SCN10A|SCN11A|SCN1A|SCN2A|SCN3A|SCN4A|SCN5A|SCN7A|SCN8A|SCN9A	0.12uM	24h	LINCSCP_170602	YAPC
0.2789	1.7062e-10	506	KW-2478	LSM-45404	NA	0.04uM	24h	LINCSCP_93815	HA1E
0.2788	1.7239e-10	506	Ttnpb	LSM-43006	RARB	3.33uM	24h	LINCSCP_173040	YAPC
0.278	1.9636e-10	506	Ivermectin	LSM-42824	NA	1.11uM	24h	LINCSCP_95973	HA1E
0.2775	2.1405e-10	506	PF-04447943	LSM-45238	NA	0.37uM	24h	LINCSCP_96070	HA1E
0.2773	2.1834e-10	506	Erlotinib	LSM-1097	EGFR	1.11uM	24h	LINCSCP_108799	HELA
0.2766	2.4487e-10	506	Lisofylline	LSM-45727	NA	1.11uM	24h	LINCSCP_104821	HELA
0.2764	2.5065e-10	506	PSI-7977	LSM-45846	NA	10uM	24h	LINCSCP_121649	HT29
0.2764	2.5201e-10	506	Indole-3-carbinol	LSM-2011	AHR	0.04uM	24h	LINCSCP_75094	A375
0.2762	2.5917e-10	506	Withaferin A	LSM-6685	IKBKB|NAMPT	0.12uM	24h	LINCSCP_162916	SKBR3
0.2759	2.7227e-10	506	Ornidazole	LSM-1548	NA	10uM	24h	LINCSCP_168469	YAPC
0.2757	2.788e-10	506	(-)-Tramadol	LSM-3125	OPRM1|SLC6A2|SLC6A4	0.37uM	24h	LINCSCP_168814	YAPC
0.2753	2.9742e-10	506	Ciprofloxacin	LSM-5226	NA	3.33uM	24h	LINCSCP_92961	HA1E
0.2753	2.9778e-10	506	Clozapine	LSM-2823	ADRA1A|ADRA1B|CHRM1|CHRM2|CHRM3|CHRM4|DRD1|DRD2|DRD3|DRD4|HRH1|HRH4|HTR1A|HTR1B|HTR1D|HTR1E|HTR2A|HTR2C|HTR6|HTR7	0.12uM	24h	LINCSCP_93616	HA1E
0.2753	2.9932e-10	506	NUTLIN 3	LSM-4288	MDM2	0.37uM	24h	LINCSCP_169557	YAPC
0.2752	3.0273e-10	506	TAK-715	LSM-1060	MAPK14	10uM	24h	LINCSCP_164966	SKL.C
0.2752	3.045e-10	506	Elvitegravir	LSM-5647	NA	0.12uM	24h	LINCSCP_91706	HA1E
0.2748	3.2408e-10	506	10-DEBC	LSM-4710	PIM1	3.33uM	24h	LINCSCP_168764	YAPC
0.2738	3.754e-10	506	UK 383367	LSM-45910	NA	1.11uM	24h	LINCSCP_93088	HA1E
0.2733	4.0701e-10	506	MLN 2480	LSM-45644	ARAF|BRAF|RAF1	10uM	24h	LINCSCP_157319	PC3
0.2731	4.181e-10	506	phylloquinone	LSM-45941	NA	3.33uM	24h	LINCSCP_93105	HA1E
0.2726	4.4944e-10	506	Lamivudine	LSM-5215	NA	10uM	6h	LINCSCP_34563	MCF7
0.2725	4.5482e-10	506	Diphenidol	LSM-2008	CHRM1|CHRM3|CHRM4	0.37uM	24h	LINCSCP_122035	HT29
0.272	4.9191e-10	506	BRD-K58746048-001-01-6	LSM-5687	NA	10uM	6h	LINCSCP_273052	PC3
0.272	4.9631e-10	506	5-(Z)-7-(4-o-hydroxyphenyl-2-trifluoromethyl-1,3 dioxan-cis-5-yl)heptenoic acid	LSM-43903	NA	10uM	24h	LINCSCP_155780	PC3
0.2719	5.0011e-10	506	VGX-1027	LSM-45622	NA	1.11uM	24h	LINCSCP_167134	YAPC
-0.2719	5.0307e-10	506	BRD-K52435112	LSM-15148	NA	10uM	6h	LINCSCP_279098	PC3
0.2717	5.1572e-10	506	(-)-Tramadol	LSM-3125	OPRM1|SLC6A2|SLC6A4	0.04uM	24h	LINCSCP_137009	MCF7
0.2716	5.2378e-10	506	Glipizide	LSM-2251	ABCC8|KCNJ11	0.04uM	24h	LINCSCP_169571	YAPC
0.2714	5.3739e-10	506	LY2940680	LSM-45539	SMO	10uM	24h	LINCSCP_96103	HA1E
0.2712	5.5717e-10	506	Chenodeoxycholic Acid	LSM-45742	NA	0.12uM	24h	LINCSCP_91514	HA1E
0.2707	6.0517e-10	506	Duloxetine	LSM-3591	SLC6A2|SLC6A3|SLC6A4	0.04uM	24h	LINCSCP_126087	HT29
-0.2703	6.4029e-10	506	Actarit	LSM-5475	NA	10uM	24h	LINCSCP_155857	PC3
0.2699	6.8089e-10	506	BRD-K81605832	LSM-41727	NA	10uM	6h	LINCSCP_64807	VCAP
0.2694	7.2998e-10	506	NU-7441	LSM-1061	PRKDC	0.12uM	24h	LINCSCP_130474	MCF10A
0.269	7.7415e-10	506	Cediranib	LSM-5926	FLT1|FLT4|KDR|KIT|PDGFRA|PDGFRB	0.37uM	24h	LINCSCP_96243	HA1E
0.2689	7.8811e-10	506	Nandrolone	LSM-5630	AR|CYP19A1|MAOA|MAOB|NISCH	0.04uM	24h	LINCSCP_91647	HA1E
0.2684	8.5463e-10	506	Warfarin	LSM-1405	VKORC1	1.11uM	24h	LINCSCP_168453	YAPC
0.2683	8.5934e-10	506	(-)-Tramadol	LSM-3125	OPRM1|SLC6A2|SLC6A4	0.04uM	24h	LINCSCP_91827	HA1E
0.2683	8.6582e-10	506	Siramesine (hydrochloride)	LSM-45705	NA	1.11uM	24h	LINCSCP_91626	HA1E
0.2683	8.6675e-10	506	Betahistine	LSM-4044	HRH1|HRH3	0.12uM	24h	LINCSCP_175500	YAPC
0.2683	8.6771e-10	506	Naftifine	LSM-43018	NA	0.37uM	24h	LINCSCP_161039	PC3
0.268	9.0444e-10	506	Decitabine	LSM-5855	DNMT1|DNMT3A	0.37uM	24h	LINCSCP_150150	NPC.TAK
0.2679	9.1149e-10	506	Ribavirin	LSM-45572	NA	0.04uM	24h	LINCSCP_176154	YAPC
0.2679	9.1396e-10	506	Vemurafenib	LSM-1068	BRAF	10uM	6h	LINCSCP_13534	H1299
0.2678	9.2331e-10	506	Ketorolac	LSM-1526	PTGS1|PTGS2	0.37uM	24h	LINCSCP_157178	PC3
0.2673	9.9874e-10	506	Dasatinib	LSM-1020	ABL1|BCR|BLK|EPHA2|FGR|FRK|FYN|HCK|KIT|LCK|LYN|PDGFRB|SRC|SRMS|YES1	0.37uM	24h	LINCSCP_159431	PC3
0.2666	1.1109e-9	506	Amuvatinib	LSM-1118	FLT3|KIT|MET|PDGFRA	0.37uM	24h	LINCSCP_172690	YAPC
0.2666	1.1163e-9	506	Diphenylpyraline	LSM-5385	HRH1|SLC6A3	0.12uM	24h	LINCSCP_120010	HT29
0.2665	1.1281e-9	506	Ketorolac	LSM-1526	PTGS1|PTGS2	3.33uM	24h	LINCSCP_170777	YAPC
0.2657	1.2593e-9	506	AC1Q5RFA	LSM-43063	NA	1.11uM	24h	LINCSCP_138350	MCF7
0.2655	1.3022e-9	506	Epivincamine	LSM-6687	NA	0.12uM	24h	LINCSCP_103977	HELA
0.2654	1.3195e-9	506	LCQ-908	LSM-45255	DGAT1	0.04uM	24h	LINCSCP_168211	YAPC
0.2654	1.3239e-9	506	Dofequidar (fumarate)	LSM-45877	NA	1.11uM	24h	LINCSCP_169832	YAPC
0.2654	1.3294e-9	506	Furosemide	LSM-5847	SLC12A1|SLC12A2	0.37uM	24h	LINCSCP_143006	MCF7
0.2652	1.3613e-9	506	Lorcaserin HCl	LSM-45745	HTR2C	0.04uM	24h	LINCSCP_158330	PC3
0.2652	1.3615e-9	506	LCQ-908	LSM-45255	DGAT1	0.04uM	24h	LINCSCP_72904	A375
0.265	1.3971e-9	506	Fenoldopam	LSM-1609	DRD1	0.04uM	24h	LINCSCP_103750	HELA
0.265	1.4082e-9	506	SCHEMBL570779	LSM-1149	NA	0.12uM	3h	LINCSCP_132328	MCF7
0.2649	1.4188e-9	506	Ammonium Glycyrrhizinate	LSM-46003	NA	10uM	24h	LINCSCP_138060	MCF7
0.2646	1.4822e-9	506	Hydroflumethiazide	LSM-5497	SLC12A1|SLC12A3	10uM	24h	LINCSCP_120497	HT29
0.2646	1.4987e-9	506	Selumetinib	LSM-1056	MAP2K1|MAP2K2	10uM	3h	LINCSCP_164102	SKBR3
0.2645	1.5034e-9	506	Acetaminophen	LSM-5533	FAAH|PTGS1|PTGS2|TRPV1	0.04uM	24h	LINCSCP_93827	HA1E
0.2644	1.5263e-9	506	Lenalidomide	LSM-6187	CRBN|CUL4A|DDB1|RBX1|TNF	100uM	6h	LINCSCP_234666	LOVO
0.2643	1.5465e-9	506	Bosutinib	LSM-1190	ABL1|BCR|CAMK2G|HCK|LYN|SRC	3.33uM	24h	LINCSCP_164267	SKL.C
0.2643	1.5651e-9	506	AZD-8055	LSM-1007	MTOR	10uM	6h	LINCSCP_234258	JHUEM2
0.2639	1.6622e-9	506	Formoterol	LSM-4251	ADRB2	3.33uM	24h	LINCSCP_158284	PC3
0.2637	1.6999e-9	506	Sarsasapogenin	LSM-45816	NA	0.06uM	24h	LINCSCP_172427	YAPC
0.2625	2.023e-9	506	MLS000778276	LSM-43118	NA	0.5uM	6h	LINCSCP_37318	MCF7
0.2619	2.2019e-9	506	1-(4-fluorobenzyl)-N-(piperidin-4-yl)-1H-benzo[d]imidazol-2-amine	LSM-45608	NA	10uM	24h	LINCSCP_95935	HA1E
0.2617	2.2906e-9	506	Ornidazole	LSM-1548	NA	0.37uM	24h	LINCSCP_136666	MCF7
0.2616	2.2965e-9	506	Corvasal	LSM-25617	NA	0.04uM	24h	LINCSCP_107216	HELA
0.2616	2.3205e-9	506	Nateglinide	LSM-5555	ABCC8|KCNJ11	0.12uM	24h	LINCSCP_157377	PC3
0.2616	2.3233e-9	506	TAK-700 (Orteronel)	LSM-45634	NA	0.12uM	24h	LINCSCP_170350	YAPC
0.2614	2.3765e-9	506	PF-04447943	LSM-45238	NA	1.11uM	24h	LINCSCP_96069	HA1E
0.2609	2.5627e-9	506	Gliclazide	LSM-5096	ABCC8	3.33uM	24h	LINCSCP_139873	MCF7
-0.2605	2.6952e-9	506	KW-2449	LSM-42803	ABL1|AURKA|AURKB|FLT3	3.33uM	24h	LINCSCP_128107	HUES3
0.2605	2.7271e-9	506	Fosinopril	LSM-4444	ACE	10uM	24h	LINCSCP_103440	HELA
0.2599	2.9446e-9	506	PI-103	LSM-1126	MTOR|PIK3CA|PIK3CB|PIK3CD|PIK3CG	0.12uM	24h	LINCSCP_73477	A375
0.2598	2.9867e-9	506	Imatinib	LSM-1023	ABL1|BCR|CSF1R|KIT|PDGFRA|PDGFRB	1.11uM	24h	LINCSCP_111843	HEPG2
0.2597	3.0302e-9	506	AC1NWAML	LSM-1325	NR3C1	0.12uM	24h	LINCSCP_121287	HT29
0.2597	3.048e-9	506	Fosinopril	LSM-4444	ACE	0.37uM	24h	LINCSCP_136815	MCF7
0.2596	3.0675e-9	506	PE(15:0/20:0)	LSM-42694	NA	1uM	24h	LINCSCP_64832	VCAP
0.2595	3.1073e-9	506	Temsirolimus (CCI-779, NSC 683864)	LSM-45994	MTOR	1.11uM	24h	LINCSCP_154879	PC3
0.2594	3.1611e-9	506	Guggulsterone	LSM-1874	AR|NR1H4|NR3C1|NR3C2|PGR	10uM	24h	LINCSCP_42614	NPC
0.2593	3.2248e-9	506	Fluphenazine	LSM-3226	DRD1|DRD2	0.04uM	24h	LINCSCP_158336	PC3
0.2592	3.2709e-9	506	SU-11652	LSM-43098	KDR|PDGFRB	3.33uM	24h	LINCSCP_73456	A375
0.2591	3.3218e-9	506	Voglibose	LSM-45566	NA	3.33uM	24h	LINCSCP_171585	YAPC
0.2589	3.4228e-9	506	BRD-A08662020	LSM-45607	NA	0.12uM	24h	LINCSCP_171844	YAPC
0.2588	3.4769e-9	506	SPECTRUM_001522	LSM-1487	NR3C1	0.37uM	24h	LINCSCP_155250	PC3
0.2586	3.5662e-9	506	Benzamil	LSM-3945	PKD2L1|SCNN1A|SCNN1B|SCNN1D|SCNN1G|SLC8A1	3.33uM	24h	LINCSCP_137251	MCF7
0.2585	3.623e-9	506	Linezolid	LSM-5750	MAOA|MAOB	10uM	24h	LINCSCP_77353	A375
0.2583	3.7012e-9	506	AZD-8055	LSM-1007	MTOR	0.12uM	3h	LINCSCP_86158	BT20
-0.2581	3.8472e-9	506	AB00540133	LSM-29354	NA	10uM	24h	LINCSCP_4505	A549
0.258	3.8897e-9	506	Raltegravir	LSM-5233	NA	3.33uM	24h	LINCSCP_75228	A375
0.2579	3.9432e-9	506	Pelitinib	LSM-42796	EGFR	0.04uM	24h	LINCSCP_150936	PC3
0.2579	3.9539e-9	506	Thiothixene	LSM-43048	HTR2A	3.33uM	24h	LINCSCP_127505	HT29
0.2576	4.087e-9	506	3-Deazaadenosine	LSM-45781	NA	10uM	24h	LINCSCP_109707	HELA
0.2575	4.1841e-9	506	Tozasertib	LSM-1021	ABL1|AURKA|AURKB|AURKC|BCR|FLT3|JAK2	0.12uM	24h	LINCSCP_130456	MCF10A
0.2573	4.2938e-9	506	SA-102042	LSM-40575	NA	3uM	24h	LINCSCP_38213	MCF7
0.2572	4.3494e-9	506	Veliparib (ABT-888)	LSM-45805	NA	0.04uM	24h	LINCSCP_137789	MCF7
0.2572	4.3648e-9	506	BCPP000194	LSM-1188	NA	10uM	24h	LINCSCP_152509	PC3
0.2571	4.4125e-9	506	Ifosfamide	LSM-5118	CYP2A6|CYP2B6|CYP2C18|CYP2C19|CYP2C8|CYP2C9|CYP3A4|CYP3A5|CYP3A7|PTGS1	1.11uM	24h	LINCSCP_77407	A375
0.257	4.466e-9	506	Cytarabine	LSM-5470	POLA1|POLB|POLD1|POLE	1.11uM	24h	LINCSCP_121069	HT29
0.257	4.4789e-9	506	Enzastaurin	LSM-1069	PRKCB	1.11uM	3h	LINCSCP_132266	MCF7
0.257	4.4996e-9	506	Desoxypeganine	LSM-2290	ACHE|MAOA	9.58uM	24h	LINCSCP_104567	HELA
0.2568	4.6162e-9	506	CI-218872	LSM-1991	GABRA1	1.11uM	24h	LINCSCP_170336	YAPC
0.2568	4.6187e-9	506	SCHEMBL16892136	LSM-44965	NA	10uM	24h	LINCSCP_17104	HA1E
0.2567	4.6542e-9	506	YM 976	LSM-2271	PDE4A	1.11uM	24h	LINCSCP_92645	HA1E
0.2566	4.7214e-9	506	Ticagrelor	LSM-45528	NA	10uM	24h	LINCSCP_107604	HELA
0.2565	4.804e-9	506	Lomitapide	LSM-45564	MTTP|P4HB	1.11uM	24h	LINCSCP_143185	MCF7
0.2564	4.8441e-9	506	PF-3084014	LSM-45940	NA	3.33uM	24h	LINCSCP_158812	PC3
0.2561	5.0828e-9	506	triptolide	NA	NA	10uM	24h	LINCSCP_84756	ASC
0.256	5.1732e-9	506	Indoprofen	LSM-1564	PTGS1|PTGS2	3.33uM	24h	LINCSCP_157344	PC3
0.2559	5.2506e-9	506	9-Methyl-5H-6-thia-4,5-diaza-chrysene 6,6-dioxide	LSM-6219	NA	10uM	6h	LINCSCP_25052	HT115
0.2559	5.2515e-9	506	Navitoclax	LSM-4738	BCL2|BCL2L1|BCL2L2	10uM	6h	LINCSCP_256458	MDST8
0.2559	5.2602e-9	506	Amitriptyline	LSM-3190	CHRM1|CHRM2|CHRM3|CHRM4|CHRM5|HRH1|HTR6|SLC6A2|SLC6A4	0.37uM	24h	LINCSCP_91717	HA1E
0.2558	5.2837e-9	506	Odanacatib (MK-0822)	LSM-45851	CTSK	0.04uM	24h	LINCSCP_72254	A375
0.2557	5.3636e-9	506	CHEMBL2355513	LSM-39806	NA	10uM	24h	LINCSCP_37026	MCF7
0.2557	5.3729e-9	506	Nilotinib	LSM-1099	ABL1|BCR|KIT	0.37uM	24h	LINCSCP_130730	MCF10A
0.2557	5.4194e-9	506	936890-98-1	LSM-42786	MTOR	1.11uM	3h	LINCSCP_163924	SKBR3
0.2555	5.5453e-9	506	3-(4-Pyridyl)indole	LSM-4569	ROCK1	10uM	6h	LINCSCP_13494	H1299
0.2552	5.7394e-9	506	Sorafenib	LSM-1008	BRAF|DDR2|FGFR1|FLT1|FLT3|FLT4|KDR|KIT|PDGFRB|RAF1|RET	0.37uM	24h	LINCSCP_168442	YAPC
0.2551	5.8809e-9	506	Propentofylline	LSM-3315	PDE1A	0.04uM	24h	LINCSCP_139757	MCF7
0.255	5.9681e-9	506	PRL-3InhibitorI	LSM-43277	PTP4A3	10uM	6h	LINCSCP_251179	MCF7
0.255	5.9815e-9	506	Ticlopidine	LSM-1986	P2RY12	1.11uM	24h	LINCSCP_156728	PC3
0.255	5.9849e-9	506	THZ-2-98-01	LSM-44946	NA	0.04uM	3h	LINCSCP_86417	BT20
0.2548	6.0704e-9	506	Sarsasapogenin	LSM-45816	NA	0.53uM	24h	LINCSCP_95416	HA1E
0.2547	6.1959e-9	506	AZD-1152-HQPA	LSM-1067	AURKA|AURKB	3.33uM	24h	LINCSCP_162843	SKBR3
0.2547	6.2229e-9	506	KO143	LSM-6260	ABCG2	40uM	6h	LINCSCP_13548	H1299
0.2543	6.526e-9	506	BIBR-1532	LSM-43274	TERT	80uM	6h	LINCSCP_40040	NCIH2073
0.2542	6.6799e-9	506	6-fluoro-3-hydroxypyrazine-2-carboxamide	LSM-45283	NA	1.11uM	24h	LINCSCP_138128	MCF7
0.2539	6.9138e-9	506	Flavokawain B	LSM-42931	IKBKB	10uM	24h	LINCSCP_14432	HA1E
0.2539	6.9823e-9	506	Zileuton	LSM-5084	ALOX5	0.37uM	24h	LINCSCP_168790	YAPC
0.2538	7.0219e-9	506	Acetazolamide	LSM-5543	CA1|CA12|CA14|CA2|CA4|CA7	10uM	24h	LINCSCP_170902	YAPC
0.2538	7.0589e-9	506	Roflumilast	LSM-45821	PDE4A|PDE4B|PDE4C|PDE4D	0.12uM	24h	LINCSCP_138742	MCF7
0.2537	7.1415e-9	506	Mebendazole	LSM-3749	NA	10uM	24h	LINCSCP_42924	NPC
0.2537	7.1448e-9	506	CI-1040	LSM-1048	MAP2K1|MAP2K2	0.37uM	24h	LINCSCP_121604	HT29
0.2536	7.1915e-9	506	AS-605240	LSM-42784	PIK3CG	10uM	24h	LINCSCP_158403	PC3
0.2535	7.3791e-9	506	SCHEMBL3958507	LSM-5245	COQ8B|EGFR	10uM	3h	LINCSCP_145645	MDAMB231
0.2534	7.401e-9	506	Dabigatran Etexilate	LSM-45249	NA	10uM	24h	LINCSCP_139650	MCF7
0.2533	7.5674e-9	506	SU-11652	LSM-43098	KDR|PDGFRB	1.11uM	24h	LINCSCP_73457	A375
0.2532	7.639e-9	506	NSC643180	LSM-42839	NA	10uM	24h	LINCSCP_1362	A375
0.2532	7.6783e-9	506	TAK-700 (Orteronel)	LSM-45634	NA	1.11uM	24h	LINCSCP_170348	YAPC
0.2532	7.684e-9	506	(R)-(-)-Jq1 enantiomer	LSM-6333	NA	0.04uM	24h	LINCSCP_133666	MCF7
0.2532	7.6866e-9	506	Bisoprolol	LSM-1886	ADRB1	0.12uM	24h	LINCSCP_143253	MCF7
0.2531	7.7678e-9	506	Orphenadrine	LSM-1630	GRIN1|GRIN2A|GRIN2B|GRIN2C|GRIN2D|GRIN3A|GRIN3B|HRH1|SCN10A|SCN11A|SCN1A|SCN2A|SCN3A|SCN4A|SCN5A|SCN7A|SCN8A|SCN9A|SLC6A2	0.37uM	24h	LINCSCP_158268	PC3
0.2529	7.9935e-9	506	INOSITOL	LSM-45237	NA	0.37uM	24h	LINCSCP_123651	HT29
0.2528	8.0807e-9	506	(-)-Tramadol	LSM-3125	OPRM1|SLC6A2|SLC6A4	0.12uM	24h	LINCSCP_137008	MCF7
0.2528	8.1264e-9	506	Pyridostigmine	LSM-5770	ACHE	0.37uM	24h	LINCSCP_103796	HELA
0.2526	8.2691e-9	506	tropisetron	LSM-45589	NA	10uM	24h	LINCSCP_109221	HELA
0.2526	8.3713e-9	506	AZ628	LSM-1050	BRAF|RAF1	1.11uM	24h	LINCSCP_138254	MCF7
0.2526	8.3819e-9	506	SPECTRUM_001092	LSM-1337	NR3C1	3.33uM	24h	LINCSCP_169885	YAPC
0.2525	8.4385e-9	506	Hydroflumethiazide	LSM-5497	SLC12A1|SLC12A3	0.12uM	24h	LINCSCP_120501	HT29
0.2525	8.4649e-9	506	Warfarin	LSM-1405	VKORC1	0.12uM	24h	LINCSCP_168455	YAPC
0.2521	8.9883e-9	506	Ammonium Glycyrrhizinate	LSM-46003	NA	0.12uM	24h	LINCSCP_74538	A375
0.2516	9.6343e-9	506	Desoxypeganine	LSM-2290	ACHE|MAOA	0.04uM	24h	LINCSCP_169751	YAPC
0.2515	9.6588e-9	506	Skiii	LSM-2462	SPHK1	10uM	24h	LINCSCP_14038	HA1E
0.2513	9.912e-9	506	NBI 27914	LSM-3360	CRHR1	10uM	24h	LINCSCP_42648	NPC
0.2512	1.0107e-8	506	Tacedinaline	LSM-19036	HDAC1|HDAC10|HDAC11|HDAC2|HDAC3|HDAC4|HDAC5|HDAC6|HDAC7|HDAC8|HDAC9	0.04uM	24h	LINCSCP_158192	PC3
0.2511	1.0307e-8	506	MDM2 Inhibitor	LSM-43034	MDM2	10uM	24h	LINCSCP_13792	HA1E
0.2511	1.0312e-8	506	Raloxifene	LSM-3425	ESR1|ESR2	10uM	24h	LINCSCP_124187	HT29
0.251	1.036e-8	506	BRD-K00663349	LSM-45739	NA	1.11uM	24h	LINCSCP_172581	YAPC
0.2509	1.0547e-8	506	Ambrisentan	LSM-45789	EDNRA|EDNRB	3.33uM	24h	LINCSCP_93787	HA1E
0.2505	1.1211e-8	506	AC1NSM0X	LSM-4605	P2RX1	10uM	6h	LINCSCP_282792	PL21
0.2503	1.1541e-8	506	Ipriflavone	LSM-5981	NA	0.37uM	24h	LINCSCP_99094	HA1E
0.2501	1.1816e-8	506	N9-Isopropylolomoucine	LSM-3607	CDK1|CDK5	100uM	6h	LINCSCP_43789	OV7
0.2498	1.2263e-8	506	(Z) Fluvoxamine	LSM-3625	NA	3.33uM	24h	LINCSCP_123475	HT29
0.2497	1.2488e-8	506	AT-7519	LSM-1004	CDK1|CDK10|CDK11B|CDK12|CDK13|CDK14|CDK15|CDK16|CDK17|CDK18|CDK19|CDK2|CDK20|CDK3|CDK4|CDK5|CDK6|CDK7|CDK8|CDK9	0.04uM	24h	LINCSCP_156114	PC3
0.2494	1.295e-8	506	metitepine	LSM-4320	HTR5A|HTR6|HTR7	0.37uM	24h	LINCSCP_142634	MCF7
0.2493	1.3106e-8	506	SPECTRUM1505012	LSM-1773	CYP19A1	10uM	24h	LINCSCP_42533	NPC
0.2493	1.3148e-8	506	CIANIDANOL	LSM-45741	NA	0.12uM	24h	LINCSCP_139744	MCF7
0.249	1.3673e-8	506	Thiothixene	LSM-43048	HTR2A	0.37uM	24h	LINCSCP_127507	HT29
0.2488	1.4005e-8	506	BRD-A25736793	LSM-43054	MTOR	10uM	24h	LINCSCP_165484	SKL
0.2487	1.4266e-8	506	R547	LSM-45812	NA	0.12uM	24h	LINCSCP_171784	YAPC
0.2487	1.438e-8	506	Meclofenamic acid	LSM-3108	ALOX5|PTGS1|PTGS2	3.33uM	24h	LINCSCP_96098	HA1E
0.2485	1.4708e-8	506	SCH-79797	LSM-6224	F2R	10uM	6h	LINCSCP_39859	NCIH1694
0.2485	1.4735e-8	506	AT 7867	LSM-1155	NA	3.33uM	24h	LINCSCP_164524	SKL.C
0.2482	1.5279e-8	506	Tamatinib	LSM-1040	SYK	0.12uM	24h	LINCSCP_145332	MDAMB231
0.2481	1.5489e-8	506	Foretinib	LSM-1158	FLT1|FLT3|FLT4|KDR|KIT|MET|PDGFRA|PDGFRB|TEK	0.37uM	24h	LINCSCP_75276	A375
0.248	1.5647e-8	506	MK-3207 (Hydrochloride)	LSM-45896	CALCRL	0.12uM	24h	LINCSCP_159127	PC3
0.248	1.5672e-8	506	Lorcaserin HCl	LSM-45745	HTR2C	10uM	24h	LINCSCP_158325	PC3
0.2478	1.6186e-8	506	pancuronium	LSM-45391	NA	3.33uM	24h	LINCSCP_77574	A375
0.2478	1.6187e-8	506	Sildenafil	LSM-3797	PDE5A	0.37uM	24h	LINCSCP_143108	MCF7
0.2478	1.6245e-8	506	PF750	LSM-6277	FAAH	80uM	6h	LINCSCP_39890	NCIH1694
0.2477	1.6384e-8	506	GSK-J1	LSM-44939	NA	10uM	24h	LINCSCP_114119	HME1
0.2477	1.643e-8	506	Olanzapine	LSM-5359	DRD1|DRD2|DRD3|DRD4|HRH1|HTR1A|HTR1B|HTR1D|HTR1E|HTR2A|HTR2C|HTR6|HTR7	3.33uM	24h	LINCSCP_168105	YAPC
0.2477	1.6469e-8	506	Metoprolol	LSM-1259	ADRB1|ADRB2	0.12uM	24h	LINCSCP_92922	HA1E
0.2477	1.6487e-8	506	Skiii	LSM-2462	SPHK1	40uM	24h	LINCSCP_15282	HA1E
0.2477	1.6496e-8	506	AZD-1480	LSM-45764	NA	0.04uM	24h	LINCSCP_172674	YAPC
0.2476	1.6549e-8	506	Nicotine	LSM-2093	CHRNA10|CHRNA4|CHRNA9|CHRNB2	0.12uM	24h	LINCSCP_74685	A375
0.2471	1.7695e-8	506	Lonidamine	LSM-6272	NA	3.33uM	24h	LINCSCP_174864	YAPC
0.247	1.8158e-8	506	Taselisib	LSM-45140	PIK3CA|PIK3CB|PIK3CD|PIK3CG|PIK3R1|PIK3R2|PIK3R3|PIK3R5	0.37uM	24h	LINCSCP_159179	PC3
0.2469	1.8253e-8	506	Efaproxiral Sodium	LSM-45515	HBA1|HBA2|HBB	0.04uM	24h	LINCSCP_122259	HT29
0.2467	1.8714e-8	506	Eugenol	LSM-2720	NA	1.11uM	24h	LINCSCP_104269	HELA
0.2463	1.9789e-8	506	ALX-5407	LSM-3197	SLC6A9	0.04uM	24h	LINCSCP_94893	HA1E
0.2463	1.9926e-8	506	Defactinib	LSM-45153	PTK2|PTK2B	3.33uM	24h	LINCSCP_93919	HA1E
0.2462	2.0149e-8	506	YM 976	LSM-2271	PDE4A	0.04uM	24h	LINCSCP_137831	MCF7
0.2461	2.0399e-8	506	Acivicin	LSM-45583	NA	0.05uM	24h	LINCSCP_169649	YAPC
0.2456	2.1742e-8	506	Dexamethasone Acetate	LSM-1915	NR3C1	0.04uM	24h	LINCSCP_144328	MCF7
0.2456	2.1869e-8	506	Tauroursodeoxy cholic acid dihydrate	LSM-45947	NA	10uM	24h	LINCSCP_95804	HA1E
0.2452	2.2984e-8	506	BRD-K57200229-001-01-6	LSM-6809	NA	10uM	24h	LINCSCP_41059	NEU
0.2452	2.3003e-8	506	Senicapoc	LSM-45645	KCNN4	0.12uM	24h	LINCSCP_102332	HELA
0.2451	2.3422e-8	506	fluocinolone-acetonide	LSM-45676	NA	10uM	24h	LINCSCP_120725	HT29
0.2451	2.3492e-8	506	TIROFIBAN HYDROCHLORIDE	LSM-45871	ITGA2B|ITGB3	0.04uM	24h	LINCSCP_157067	PC3
0.245	2.3593e-8	506	IN1549	LSM-4488	NA	1.11uM	24h	LINCSCP_91782	HA1E
0.2448	2.4182e-8	506	GSK-1070916	LSM-1062	AURKB|AURKC	1.11uM	24h	LINCSCP_168861	YAPC
0.2447	2.4534e-8	506	Halofantrine	LSM-5072	NA	0.12uM	24h	LINCSCP_168821	YAPC
0.2446	2.4962e-8	506	Pyridostigmine	LSM-5770	ACHE	1.11uM	24h	LINCSCP_120589	HT29
0.2444	2.5608e-8	506	FR-180204	LSM-42790	MAPK1|MAPK3	1.11uM	24h	LINCSCP_165516	SKL
0.2444	2.5728e-8	506	Dalcetrapib	LSM-6227	CETP	80uM	6h	LINCSCP_29320	LOVO
0.2444	2.5827e-8	506	Foretinib	LSM-1158	FLT1|FLT3|FLT4|KDR|KIT|MET|PDGFRA|PDGFRB|TEK	0.12uM	24h	LINCSCP_75277	A375
0.2442	2.6202e-8	506	BRD-K21387011	LSM-14753	NA	10uM	24h	LINCSCP_249739	MCF7
0.2442	2.6524e-8	506	Selumetinib	LSM-1056	MAP2K1|MAP2K2	0.12uM	24h	LINCSCP_113233	HME1
0.2441	2.669e-8	506	Roquinimex	LSM-2046	NA	10uM	24h	LINCSCP_170610	YAPC
0.244	2.7114e-8	506	Guanadrel	LSM-43257	SLC6A2	10uM	24h	LINCSCP_121367	HT29
0.2436	2.8563e-8	506	SPECTRUM_001579	LSM-6509	NA	1.11uM	24h	LINCSCP_79978	A375
0.2435	2.8966e-8	506	6-fluoro-3-hydroxypyrazine-2-carboxamide	LSM-45283	NA	0.12uM	24h	LINCSCP_156334	PC3
0.2435	2.9114e-8	506	HYDROXYUREA	LSM-45988	RRM1|RRM2|RRM2B	0.12uM	24h	LINCSCP_123365	HT29
0.2435	2.9127e-8	506	Isoniazid	LSM-46042	CYP1A2|CYP2C19|CYP2C8|CYP2E1|CYP3A4	0.12uM	24h	LINCSCP_103905	HELA
0.2433	2.9892e-8	506	PX 12	LSM-4918	TXN|TXNRD1	30uM	6h	LINCSCP_25013	HT115
0.2431	3.0522e-8	506	Mizolastine	LSM-5377	HRH1	0.04uM	24h	LINCSCP_91332	HA1E
0.243	3.1071e-8	506	CA-074 METHYL ESTER	LSM-1653	CTSB	10uM	24h	LINCSCP_14996	HA1E
0.2428	3.1637e-8	506	Temoporfin	LSM-45995	NA	3.33uM	24h	LINCSCP_73510	A375
0.2427	3.2435e-8	506	Sorafenib	LSM-1008	BRAF|DDR2|FGFR1|FLT1|FLT3|FLT4|KDR|KIT|PDGFRB|RAF1|RET	3.33uM	24h	LINCSCP_168440	YAPC
0.2425	3.2933e-8	506	NCGC00172397-01	LSM-36640	NA	10uM	24h	LINCSCP_40806	NEU
0.2425	3.3263e-8	506	AZD-6482	LSM-1059	PIK3CA|PIK3CB|PIK3CD|PIK3CG|PIK3R1|PIK3R2|PIK3R3|PIK3R5	0.04uM	3h	LINCSCP_163306	SKBR3
0.2424	3.3359e-8	506	Adapalene	LSM-37048	RARA|RARB|RARG	1.11uM	24h	LINCSCP_74150	A375
0.2422	3.4286e-8	506	Felodipine	LSM-1447	CACNA1C|CACNA1D|CACNA1F|CACNA1S|NR3C2	0.12uM	24h	LINCSCP_120933	HT29
0.2422	3.444e-8	506	Merbarone	LSM-45500	NA	0.04uM	24h	LINCSCP_108148	HELA
0.2421	3.4769e-8	506	GSK 1059615	LSM-42799	PIK3CA|PIK3CB|PIK3CD|PIK3CG	0.04uM	24h	LINCSCP_131175	MCF10A
0.242	3.5545e-8	506	Teriflunomide	LSM-45555	NA	10uM	24h	LINCSCP_91492	HA1E
0.242	3.5611e-8	506	Berberine	LSM-6553	NA	0.37uM	24h	LINCSCP_169797	YAPC
0.242	3.5634e-8	506	NSC95397	LSM-3521	NA	0.5uM	24h	LINCSCP_253139	MCF7
0.2419	3.5773e-8	506	Lersivirine	LSM-45853	NA	10uM	24h	LINCSCP_170604	YAPC
0.2418	3.6561e-8	506	Vemurafenib	LSM-1068	BRAF	3.33uM	24h	LINCSCP_130477	MCF10A
0.2416	3.7203e-8	506	Orlistat	LSM-5724	DAGLA|FASN|LIPF|PNLIP	0.04uM	24h	LINCSCP_172530	YAPC
0.2416	3.7464e-8	506	Alprostadil	LSM-42979	PTGER1|PTGER2	3.33uM	24h	LINCSCP_155356	PC3
0.2413	3.9038e-8	506	Sarsasapogenin	LSM-45816	NA	0.18uM	24h	LINCSCP_172426	YAPC
0.2412	3.951e-8	506	Sorafenib	LSM-1008	BRAF|DDR2|FGFR1|FLT1|FLT3|FLT4|KDR|KIT|PDGFRB|RAF1|RET	0.04uM	24h	LINCSCP_163503	SKBR3
0.2411	3.9715e-8	506	TAK-242	LSM-45934	NA	0.04uM	24h	LINCSCP_158096	PC3
0.241	4.0603e-8	506	Mubritinib (TAK 165)	LSM-45710	ERBB2	0.12uM	24h	LINCSCP_119736	HT29
0.241	4.0615e-8	506	Enzastaurin	LSM-1069	PRKCB	1.11uM	24h	LINCSCP_162850	SKBR3
0.2409	4.0768e-8	506	BMS-777607	LSM-1144	AXL|MERTK|MET|MST1R|TYRO3	10uM	24h	LINCSCP_93774	HA1E
0.2409	4.1103e-8	506	Levetiracetam	LSM-5603	CACNA1B|SV2A	3.33uM	24h	LINCSCP_96463	HA1E
0.2407	4.1884e-8	506	Rebastinib	LSM-6708	ABL1	10uM	24h	LINCSCP_165442	SKL
0.2406	4.2704e-8	506	Temsirolimus (CCI-779, NSC 683864)	LSM-45994	MTOR	3.33uM	24h	LINCSCP_91487	HA1E
0.2406	4.2902e-8	506	SDZ NKT 343	LSM-45398	NA	10uM	24h	LINCSCP_107469	HELA
0.2405	4.3122e-8	506	STK-674938	LSM-45580	NA	1.11uM	24h	LINCSCP_126384	HT29
0.2403	4.4501e-8	506	HLI-373	LSM-6225	MDM2	10uM	6h	LINCSCP_25055	HT115
0.2402	4.5166e-8	506	Chlorpheniramine	LSM-1263	HRH1	0.37uM	24h	LINCSCP_121580	HT29
0.2401	4.5597e-8	506	Histamine 2HCl	LSM-45288	HRH1	1.11uM	24h	LINCSCP_170426	YAPC
0.24	4.6217e-8	506	Pentamidine	LSM-4540	NA	10uM	24h	LINCSCP_169674	YAPC
0.2398	4.7328e-8	506	AMG 232	LSM-45882	NA	0.12uM	24h	LINCSCP_95616	HA1E
0.2397	4.8118e-8	506	Ribavirin	LSM-45572	NA	0.12uM	24h	LINCSCP_110975	HELA
0.2396	4.888e-8	506	IN1549	LSM-4488	NA	0.12uM	24h	LINCSCP_91784	HA1E
0.2395	4.9052e-8	506	Taselisib	LSM-45140	PIK3CA|PIK3CB|PIK3CD|PIK3CG|PIK3R1|PIK3R2|PIK3R3|PIK3R5	0.12uM	24h	LINCSCP_95766	HA1E
0.2395	4.9338e-8	506	Erbstatin Analog	LSM-43038	EGFR	10uM	6h	LINCSCP_34208	MCF7
-0.2393	5.0439e-8	506	AZD7687	LSM-45251	NA	10uM	24h	LINCSCP_92445	HA1E
0.2392	5.1234e-8	506	2-(Ethylmercuriothio)benzoic acid	LSM-5710	NA	1.11uM	24h	LINCSCP_110499	HELA
0.2392	5.1496e-8	506	BRD-K32444480	LSM-39056	NA	10uM	24h	LINCSCP_65263	VCAP
0.2388	5.3908e-8	506	MLS002222336	LSM-1855	PTGS1|PTGS2	10uM	24h	LINCSCP_96157	HA1E
0.2387	5.5062e-8	506	PH-797804	LSM-36373	MAPK14	0.04uM	24h	LINCSCP_80447	A375
0.2386	5.5486e-8	506	RG7388	LSM-45958	NA	1.11uM	24h	LINCSCP_95446	HA1E
0.2386	5.5587e-8	506	Vardenafil	LSM-2292	PDE5A	0.04uM	24h	LINCSCP_169733	YAPC
0.2385	5.6244e-8	506	Tyrphostin AG-112	LSM-43079	NA	1.11uM	24h	LINCSCP_73423	A375
0.2384	5.7213e-8	506	Benazepril	LSM-5609	ACE	0.04uM	24h	LINCSCP_96042	HA1E
0.2384	5.7244e-8	506	Adarotene	LSM-45863	NA	0.04uM	24h	LINCSCP_74935	A375
0.2384	5.7339e-8	506	Tamatinib	LSM-1040	SYK	0.37uM	3h	LINCSCP_113364	HME1
0.2383	5.7894e-8	506	(E)-5-((4-((2-Carboxyethyl)carbamoyl)phenyl)diazenyl)-2-hydroxybenzoic acid	LSM-5532	ALOX5|PPARG|PTGS1|PTGS2	3.33uM	24h	LINCSCP_122441	HT29
0.2381	5.9131e-8	506	TAK-715	LSM-1060	MAPK14	0.04uM	24h	LINCSCP_158204	PC3
0.2379	6.1167e-8	506	Fosinopril	LSM-4444	ACE	0.04uM	24h	LINCSCP_168624	YAPC
0.2379	6.1233e-8	506	Lofexidine	LSM-4951	ADRA2A	0.37uM	24h	LINCSCP_122149	HT29
0.2378	6.1547e-8	506	Fosinopril	LSM-4444	ACE	1.11uM	24h	LINCSCP_91632	HA1E
0.2378	6.2028e-8	506	Paroxetine	LSM-2843	SLC6A4	0.12uM	24h	LINCSCP_157096	PC3
0.2377	6.2131e-8	506	Hydroflumethiazide	LSM-5497	SLC12A1|SLC12A3	10uM	24h	LINCSCP_91894	HA1E
0.2377	6.2781e-8	506	Rimantadine	LSM-5143	NA	0.04uM	24h	LINCSCP_143326	MCF7
0.2376	6.3114e-8	506	Rocuronium Bromide	LSM-45869	NA	3.33uM	24h	LINCSCP_139723	MCF7
0.2373	6.5618e-8	506	Inolitazone (dihydrochloride)	LSM-45726	PPARG	10uM	24h	LINCSCP_168433	YAPC
0.2373	6.6171e-8	506	Tyrphostin 1	LSM-2933	NA	10uM	6h	LINCSCP_234758	LOVO
0.2372	6.6456e-8	506	Rimonabant	LSM-36994	CNR1	3.33uM	24h	LINCSCP_169705	YAPC
0.237	6.8942e-8	506	Vardenafil	LSM-2292	PDE5A	0.12uM	24h	LINCSCP_137926	MCF7
0.2368	6.9941e-8	506	Doxifluridine	LSM-45881	NA	10uM	24h	LINCSCP_108479	HELA
0.2367	7.1669e-8	506	TRIENTINE HYDROCHLORIDE	LSM-45752	NA	10uM	24h	LINCSCP_91558	HA1E
0.2366	7.1907e-8	506	Rilpivirine	LSM-45777	NA	10uM	24h	LINCSCP_104890	HELA
0.2365	7.2887e-8	506	Levothyroxine	LSM-5447	THRA|THRB	1.11uM	24h	LINCSCP_155734	PC3
0.2363	7.5256e-8	506	PH-797804	LSM-36373	MAPK14	0.12uM	24h	LINCSCP_127424	HT29
0.2362	7.5818e-8	506	DROSPIRENONE	LSM-45614	NA	0.37uM	24h	LINCSCP_170355	YAPC
0.2362	7.6413e-8	506	Naftopidil	LSM-4302	NA	0.04uM	24h	LINCSCP_93409	HA1E
0.2362	7.6452e-8	506	Nepafenac	LSM-45729	PTGS1|PTGS2	10uM	24h	LINCSCP_138108	MCF7
0.2361	7.6589e-8	506	CHEMBL520231	LSM-43280	XPO1	10uM	24h	LINCSCP_15370	HA1E
0.2361	7.7178e-8	506	Anagrelide	LSM-3380	PDE3A|PDE3B	0.37uM	24h	LINCSCP_77098	A375
0.2358	7.9597e-8	506	N6022	LSM-45697	NA	10uM	24h	LINCSCP_107951	HELA
0.2356	8.2237e-8	506	TRIENTINE HYDROCHLORIDE	LSM-45752	NA	0.12uM	24h	LINCSCP_91562	HA1E
0.2352	8.7016e-8	506	CGP-12177	LSM-1474	NA	1.11uM	24h	LINCSCP_93764	HA1E
0.2351	8.7801e-8	506	Cevimeline hydrochloride	LSM-45454	NA	0.37uM	24h	LINCSCP_120692	HT29
0.235	8.874e-8	506	SPECTRUM_001092	LSM-1337	NR3C1	1.11uM	24h	LINCSCP_92896	HA1E
0.2349	9.0373e-8	506	nimodipine	LSM-45413	NA	0.12uM	24h	LINCSCP_74958	A375
0.2348	9.1566e-8	506	Ruxolitinib	LSM-1139	JAK1|JAK2|TYK2	0.12uM	3h	LINCSCP_132514	MCF7
0.2347	9.1796e-8	506	BRD-K23558120	LSM-9843	NA	3uM	24h	LINCSCP_253058	MCF7
0.2347	9.1829e-8	506	TORIN1	LSM-1079	MTOR	0.12uM	24h	LINCSCP_73483	A375
0.2346	9.3455e-8	506	Halofantrine	LSM-5072	NA	3.33uM	24h	LINCSCP_91829	HA1E
0.2346	9.3604e-8	506	pancuronium	LSM-45391	NA	1.11uM	24h	LINCSCP_77575	A375
0.2346	9.4034e-8	506	Estradiol	LSM-2421	ESR1|ESR2|NR1I2	3uM	24h	LINCSCP_37439	MCF7
0.2344	9.6403e-8	506	Amodiaquine	LSM-4042	HNMT	1.11uM	24h	LINCSCP_120619	HT29
-0.2342	9.8085e-8	506	Anastrozole	LSM-5631	CYP19A1	1.11uM	24h	LINCSCP_168639	YAPC
0.2342	9.8092e-8	506	AS-605240	LSM-42784	PIK3CG	10uM	24h	LINCSCP_113271	HME1
0.234	1.009e-7	506	CHEMBL1706554	LSM-42928	NA	10uM	6h	LINCSCP_19995	HCC515
0.2339	1.021e-7	506	GSK 1059615	LSM-42799	PIK3CA|PIK3CB|PIK3CD|PIK3CG	0.12uM	24h	LINCSCP_129761	LNCAP
0.2339	1.0288e-7	506	Pranlukast	LSM-6006	CYSLTR1|CYSLTR2	10uM	24h	LINCSCP_111133	HELA
0.2334	1.0871e-7	506	Proglumide	LSM-4439	CCKAR|CCKBR	10uM	24h	LINCSCP_95780	HA1E
0.2334	1.0911e-7	506	Praziquantel	LSM-1387	NA	10uM	24h	LINCSCP_119911	HT29
0.2332	1.127e-7	506	BRD-K76318793	LSM-41437	NA	10uM	24h	LINCSCP_279350	PC3
0.2331	1.1368e-7	506	Sorafenib	LSM-1008	BRAF|DDR2|FGFR1|FLT1|FLT3|FLT4|KDR|KIT|PDGFRB|RAF1|RET	0.37uM	24h	LINCSCP_112983	HME1
0.233	1.1533e-7	506	Imipramine	LSM-2852	CHRM2|SLC6A2|SLC6A4	10uM	24h	LINCSCP_157104	PC3
0.233	1.1557e-7	506	Guanadrel	LSM-43257	SLC6A2	0.12uM	24h	LINCSCP_137950	MCF7
0.2329	1.1593e-7	506	PHA-793887	LSM-1073	CDK1|CDK10|CDK11B|CDK12|CDK13|CDK14|CDK15|CDK16|CDK17|CDK18|CDK19|CDK2|CDK20|CDK3|CDK4|CDK5|CDK6|CDK7|CDK8|CDK9	0.37uM	24h	LINCSCP_129826	LNCAP
0.2329	1.168e-7	506	Indole-3-carbinol	LSM-2011	AHR	0.37uM	24h	LINCSCP_75092	A375
0.2329	1.1712e-7	506	BMS-927711	LSM-45712	CALCRL	0.04uM	24h	LINCSCP_106171	HELA
0.2328	1.1733e-7	506	DC-45-A2	LSM-6274	NA	10uM	6h	LINCSCP_53946	SNUC5
0.2327	1.2017e-7	506	Amoxapine	LSM-2021	DRD1|DRD2|DRD3|DRD4|DRD5|HTR2A|HTR6|SLC6A2|SLC6A4	1.11uM	24h	LINCSCP_93448	HA1E
0.2325	1.2195e-7	506	noscapine	NA	NA	0.12uM	24h	LINCSCP_113227	HME1
0.2324	1.2401e-7	506	Mubritinib (TAK 165)	LSM-45710	ERBB2	10uM	24h	LINCSCP_119732	HT29
0.2324	1.2474e-7	506	Linsitinib	LSM-1135	IGF1R|INSR	10uM	24h	LINCSCP_163098	SKBR3
0.2324	1.2484e-7	506	Fenticonazole Nitrate	LSM-45431	NA	10uM	24h	LINCSCP_92499	HA1E
0.2323	1.2559e-7	506	TRIENTINE HYDROCHLORIDE	LSM-45752	NA	1.11uM	24h	LINCSCP_91560	HA1E
0.2322	1.2779e-7	506	BRD-K85822033	LSM-45305	NA	0.5uM	24h	LINCSCP_12391	CD34
0.2321	1.2829e-7	506	ACECAINIDE HYDROCHLORIDE	LSM-45665	NA	0.12uM	24h	LINCSCP_138424	MCF7
0.232	1.3105e-7	506	Nafronyl	LSM-1730	NA	0.12uM	24h	LINCSCP_109033	HELA
0.232	1.3126e-7	506	Chlormezanone	LSM-4356	GABRA1	10uM	24h	LINCSCP_175616	YAPC
0.2319	1.3271e-7	506	Bardoxolone Methyl	LSM-45471	IKBKB|KEAP1|NFE2L2|PPARG	0.04uM	24h	LINCSCP_135745	MCF7
0.2319	1.3312e-7	506	Levofloxacin	LSM-5270	NA	0.12uM	24h	LINCSCP_136110	MCF7
0.2318	1.3448e-7	506	Maxacalcitol-D6	LSM-45401	NA	10uM	24h	LINCSCP_159956	PC3
0.2317	1.3554e-7	506	EXALAMIDE	LSM-45860	NA	3.33uM	24h	LINCSCP_121200	HT29
0.2317	1.3634e-7	506	N6022	LSM-45697	NA	0.04uM	24h	LINCSCP_96126	HA1E
0.2315	1.3896e-7	506	BAYK 8644	LSM-22627	CACNA1C	3.33uM	24h	LINCSCP_110294	HELA
0.2315	1.3919e-7	506	Nafamostat Mesylate	LSM-45274	NA	10uM	24h	LINCSCP_121703	HT29
-0.2315	1.3929e-7	506	Amitriptyline	LSM-3190	CHRM1|CHRM2|CHRM3|CHRM4|CHRM5|HRH1|HTR6|SLC6A2|SLC6A4	0.04uM	24h	LINCSCP_168708	YAPC
0.2311	1.4642e-7	506	Neostigmine	LSM-5360	ACHE	0.37uM	24h	LINCSCP_119729	HT29
0.2309	1.4982e-7	506	Ataluren	LSM-5991	DMD	3.33uM	24h	LINCSCP_111002	HELA
0.2308	1.5267e-7	506	Withaferin A	LSM-6685	IKBKB|NAMPT	0.12uM	24h	LINCSCP_163622	SKBR3
0.2307	1.5435e-7	506	Doramapimod	LSM-1170	MAPK11|MAPK12|MAPK14	10uM	24h	LINCSCP_109425	HELA
0.2307	1.5456e-7	506	16,16-Dimethyl prostaglandin e2	LSM-43285	HPGD	10uM	24h	LINCSCP_15452	HA1E
0.2306	1.5533999999999999e-07	506	Bazedoxifene HCl	LSM-45508	ESR1|ESR2	3.33uM	24h	LINCSCP_110264	HELA
0.2305	1.5837e-7	506	AZD-8055	LSM-1007	MTOR	0.04uM	3h	LINCSCP_163837	SKBR3
0.2305	1.587e-7	506	Valproic acid	LSM-4620	ABAT|ALDH5A1|HDAC1|SCN1A|SCN3A	3.33uM	24h	LINCSCP_170801	YAPC
0.2305	1.5873e-7	506	RU 58841	LSM-45711	NA	0.04uM	24h	LINCSCP_77154	A375
0.2302	1.647e-7	506	Elacridar	LSM-45579	NA	10uM	24h	LINCSCP_73779	A375
0.2301	1.656e-7	506	Bardoxolone Methyl	LSM-45471	IKBKB|KEAP1|NFE2L2|PPARG	0.37uM	24h	LINCSCP_90563	HA1E
0.2301	1.6701e-7	506	Enzastaurin	LSM-1069	PRKCB	3.33uM	24h	LINCSCP_131911	MCF7
0.23	1.6757e-7	506	Rottlerin	LSM-42845	NA	1.11uM	24h	LINCSCP_170588	YAPC
0.23	1.6805e-7	506	ACEXAMIC ACID	LSM-45740	NA	0.04uM	24h	LINCSCP_160465	PC3
0.2298	1.7179e-7	506	Mepivacaine	LSM-4306	SCN10A|SCN11A|SCN1A|SCN2A|SCN3A|SCN4A|SCN5A|SCN7A|SCN8A|SCN9A	0.04uM	24h	LINCSCP_170603	YAPC
0.2298	1.7216e-7	506	Elvitegravir	LSM-5647	NA	3.33uM	24h	LINCSCP_168692	YAPC
0.2296	1.7616e-7	506	Cholrphenethazine	LSM-37212	NA	10uM	24h	LINCSCP_43257	NPC
0.2296	1.7679e-7	506	FK 866	LSM-43216	NAMPT	1.11uM	24h	LINCSCP_73619	A375
0.2296	1.7755e-7	506	SPECTRUM_001645	LSM-1721	OPRD1|OPRK1|OPRM1	1uM	6h	LINCSCP_37279	MCF7
0.2295	1.8016e-7	506	Fipronil	LSM-1608	NA	0.04uM	24h	LINCSCP_96096	HA1E
0.2294	1.8221e-7	506	GW843682X	LSM-1014	PLK1|PLK3	0.37uM	24h	LINCSCP_129748	LNCAP
0.2293	1.8299e-7	506	TEMAZEPAM	LSM-45470	GABRA1|GABRA2|GABRA3|GABRA4|GABRA5|GABRA6|GABRB1|GABRB2|GABRB3|GABRD|GABRE|GABRG1|GABRG2|GABRG3|GABRP|GABRQ	10uM	24h	LINCSCP_80730	A375
0.2293	1.833e-7	506	CTS-1027	LSM-45524	NA	3.33uM	24h	LINCSCP_173124	YAPC
0.2292	1.8563e-7	506	Lafutidine	LSM-45448	NA	1.11uM	24h	LINCSCP_95758	HA1E
0.2291	1.8981e-7	506	Asenapine maleate	LSM-45575	NA	1.11uM	24h	LINCSCP_176193	YAPC
0.229	1.9129e-7	506	Diphenidol	LSM-2008	CHRM1|CHRM3|CHRM4	10uM	24h	LINCSCP_75077	A375
0.2288	1.9485e-7	506	Lidoflazine	LSM-3397	NA	3.33uM	24h	LINCSCP_158608	PC3
0.2287	1.9809e-7	506	Epitiostanol	LSM-45392	NA	0.04uM	24h	LINCSCP_122091	HT29
0.2284	2.0501e-7	506	Acipimox	LSM-5726	NA	0.37uM	24h	LINCSCP_172540	YAPC
0.2284	2.0639e-7	506	amisulpride	LSM-45926	NA	1.11uM	24h	LINCSCP_169574	YAPC
0.2283	2.0873e-7	506	Phenoxybenzamine	LSM-1729	ADRA1A|ADRA1B|ADRA1D|ADRA2A|ADRA2B|ADRA2C	10uM	24h	LINCSCP_42528	NPC
0.2281	2.139e-7	506	SA-242939	LSM-42514	NA	3uM	6h	LINCSCP_252978	MCF7
0.2281	2.144e-7	506	Siramesine (hydrochloride)	LSM-45705	NA	3.33uM	24h	LINCSCP_91625	HA1E
0.2281	2.1454e-7	506	Withaferin A	LSM-6685	IKBKB|NAMPT	1.11uM	24h	LINCSCP_132685	MCF7
0.2278	2.2193e-7	506	ETHYLENEDIAMINE TETRACETATE TETRA-ETHANOLAMINE	LSM-45734	NA	0.04uM	24h	LINCSCP_96144	HA1E
0.2278	2.2215e-7	506	Indinavir	LSM-5471	CYP3A4|CYP3A5|CYP3A7	0.12uM	24h	LINCSCP_135378	MCF7
0.2278	2.225e-7	506	Fipronil	LSM-1608	NA	0.12uM	24h	LINCSCP_96095	HA1E
0.2277	2.2368e-7	506	CEFEPIME HYDROCHLORIDE	LSM-45262	NA	0.12uM	24h	LINCSCP_155951	PC3
0.2277	2.263e-7	506	L 655240	LSM-4003	NA	10uM	24h	LINCSCP_103985	HELA
0.2275	2.2975e-7	506	Seliciclib	LSM-1001	CDK1|CDK2|CDK5|CDK7|CDK9	0.04uM	24h	LINCSCP_138419	MCF7
0.2275	2.3004e-7	506	SCHEMBL17497612	LSM-44599	NA	0.5uM	6h	LINCSCP_29225	JURKAT
0.2275	2.303e-7	506	Palbociclib	LSM-1071	CCND1|CDK4|CDK6	10uM	24h	LINCSCP_94699	HA1E
0.2275	2.3152e-7	506	Tamatinib	LSM-1040	SYK	0.37uM	24h	LINCSCP_72163	A375
-0.2274	2.3205e-7	506	Ampalex	LSM-45388	NA	3.33uM	24h	LINCSCP_155589	PC3
-0.2273	2.3586e-7	506	Atomoxetine	LSM-2452	SLC6A2|SLC6A3|SLC6A4	10uM	24h	LINCSCP_242049	MCF7
0.2272	2.3914e-7	506	STK009254	LSM-1910	INS	0.12uM	24h	LINCSCP_144279	MCF7
0.2272	2.4074e-7	506	Dofequidar (fumarate)	LSM-45877	NA	3.33uM	24h	LINCSCP_169831	YAPC
0.2271	2.4116e-7	506	Fosfomycin Tromethamine	LSM-45458	NA	0.04uM	24h	LINCSCP_95958	HA1E
-0.2269	2.4785e-7	506	Chenodeoxycholic Acid	LSM-45742	NA	10uM	24h	LINCSCP_103320	HELA
0.2268	2.5252e-7	506	LCQ-908	LSM-45255	DGAT1	0.04uM	24h	LINCSCP_136405	MCF7
0.2267	2.5447e-7	506	Lersivirine	LSM-45853	NA	0.04uM	24h	LINCSCP_170609	YAPC
0.2267	2.5481e-7	506	AC1MEVG9	LSM-3935	PTPN1	10uM	6h	LINCSCP_282858	PL21
0.2265	2.621e-7	506	AKT Inhibitor VIII	LSM-1035	AKT1|AKT2	1.11uM	24h	LINCSCP_172905	YAPC
0.2263	2.6765e-7	506	AZD8931 (Sapitinib)	LSM-45462	EGFR|ERBB2|ERBB3	0.37uM	24h	LINCSCP_175913	YAPC
0.2262	2.7155e-7	506	AZ628	LSM-1050	BRAF|RAF1	10uM	24h	LINCSCP_147476	NPC.CAS9
0.226	2.7704e-7	506	Estramustine phosphate sodium	LSM-45379	ESR2	3.33uM	24h	LINCSCP_74925	A375
0.226	2.7755e-7	506	Cyclohexanecarboxamide, 4-(1-aminoethyl)-n-4-pyridinyl-, trans-	LSM-1177	ROCK1|ROCK2	0.04uM	24h	LINCSCP_152072	PC3
0.226	2.7852e-7	506	INOSITOL	LSM-45237	NA	3.33uM	24h	LINCSCP_95019	HA1E
0.2259	2.8245e-7	506	Tyrphostin AG-112	LSM-43079	NA	3.33uM	24h	LINCSCP_91757	HA1E
0.2259	2.8264e-7	506	Histamine 2HCl	LSM-45288	HRH1	0.04uM	24h	LINCSCP_122043	HT29
0.2258	2.8325e-7	506	Naftopidil	LSM-4302	NA	0.12uM	24h	LINCSCP_75069	A375
0.2258	2.8376e-7	506	Clofibrate	LSM-2996	PPARA	3.33uM	24h	LINCSCP_77496	A375
0.2258	2.8445e-7	506	Perindopril	LSM-4080	ACE	3.33uM	24h	LINCSCP_73708	A375
0.2257	2.8999e-7	506	Tolnaftate	LSM-5554	NA	10uM	24h	LINCSCP_93960	HA1E
0.2256	2.9041e-7	506	138402-11-6	LSM-3338	AGTR1	10uM	6h	LINCSCP_33019	MCF7
0.2256	2.912e-7	506	Pimasertib	LSM-5946	MAP2K1|MAP2K2	3.33uM	24h	LINCSCP_137353	MCF7
0.2256	2.9366e-7	506	ZIDOVUDINE [AZT]	LSM-45628	NA	0.04uM	24h	LINCSCP_104290	HELA
0.2255	2.9482e-7	506	BRD-K00248354	LSM-45928	NA	0.37uM	24h	LINCSCP_92616	HA1E
0.2255	2.9487e-7	506	CARGLUMIC ACID	LSM-45453	CPS1	0.12uM	24h	LINCSCP_139846	MCF7
0.2254	2.9883e-7	506	CHEMBL179288	LSM-3648	NA	1.11uM	24h	LINCSCP_168741	YAPC
0.2254	3.0108e-7	506	936890-98-1	LSM-42786	MTOR	0.12uM	24h	LINCSCP_163574	SKBR3
0.2253	3.0221e-7	506	MLN-8054	LSM-1066	AURKA	3.33uM	24h	LINCSCP_129102	HUVEC
0.2252	3.0543e-7	506	Calcitriol	LSM-45950	NA	3.33uM	24h	LINCSCP_166491	YAPC
0.2252	3.0618e-7	506	Ethacrynic acid	LSM-3420	SLC12A1	10uM	24h	LINCSCP_140411	MCF7
0.2252	3.0675e-7	506	Benzylpenicillin	LSM-3229	NA	10uM	24h	LINCSCP_158355	PC3
0.2252	3.0738e-7	506	AZD-1775	LSM-1153	WEE1	1.11uM	24h	LINCSCP_83334	ASC.C
-0.225	3.1338e-7	506	Pitavastatin Calcium	LSM-45806	HMGCR	0.04uM	24h	LINCSCP_125481	HT29
0.225	3.1579e-7	506	Oxibendazole	LSM-3153	TUBB	10uM	24h	LINCSCP_42570	NPC
0.2249	3.2024e-7	506	Triazolothiadiazine, 41	LSM-1245	NA	10uM	6h	LINCSCP_5189	A549
0.2245	3.3299e-7	506	Exherin (trifluoroacetate)	LSM-45648	NA	0.04uM	24h	LINCSCP_141502	MCF7
0.2245	3.3434e-7	506	Wortmannin	LSM-3947	PIK3CA|PIK3CG|PLK1	10uM	24h	LINCSCP_17405	HA1E
0.2243	3.4278e-7	506	Pomalidomide	LSM-45637	CRBN|CUL4A|DDB1|RBX1	10uM	24h	LINCSCP_169638	YAPC
0.2241	3.5078e-7	506	Andrographolide	LSM-45595	NA	3.33uM	24h	LINCSCP_95349	HA1E
0.2241	3.535e-7	506	LY2811376	LSM-45909	NA	3.33uM	24h	LINCSCP_127385	HT29
0.2239	3.5892e-7	506	Mirtazapine	LSM-1706	ADRA2A|ADRA2B|ADRA2C|HTR2A|HTR2C|HTR3A	0.12uM	24h	LINCSCP_158647	PC3
0.2238	3.634e-7	506	AZD-1480	LSM-45764	NA	3.33uM	24h	LINCSCP_159076	PC3
0.2235	3.7632e-7	506	Mepivacaine	LSM-4306	SCN10A|SCN11A|SCN1A|SCN2A|SCN3A|SCN4A|SCN5A|SCN7A|SCN8A|SCN9A	1.11uM	24h	LINCSCP_156998	PC3
0.2234	3.8224e-7	506	Berberine	LSM-6553	NA	10uM	24h	LINCSCP_169794	YAPC
0.2233	3.8883e-7	506	Dacarbazine	LSM-5487	NA	10uM	24h	LINCSCP_102136	HELA
0.2232	3.9406e-7	506	AT-7519	LSM-1004	CDK1|CDK10|CDK11B|CDK12|CDK13|CDK14|CDK15|CDK16|CDK17|CDK18|CDK19|CDK2|CDK20|CDK3|CDK4|CDK5|CDK6|CDK7|CDK8|CDK9	0.04uM	24h	LINCSCP_169715	YAPC
0.2232	3.9418e-7	506	Benzylpenicillin	LSM-3229	NA	1.11uM	24h	LINCSCP_123572	HT29
0.2231	3.9559e-7	506	TAK-700 (Orteronel)	LSM-45634	NA	0.12uM	24h	LINCSCP_75010	A375
0.2231	3.9674e-7	506	BRD-K56370195	LSM-11839	NA	5uM	24h	LINCSCP_48283	PC3
0.2231	3.9909e-7	506	C24H25CLFN5O3	LSM-42794	EGFR|ERBB2|ERBB4	0.04uM	24h	LINCSCP_113109	HME1
0.223	4.027e-7	506	Entinostat	LSM-4811	HDAC1|HDAC10|HDAC11|HDAC2|HDAC3|HDAC4|HDAC5|HDAC6|HDAC7|HDAC8|HDAC9	5uM	24h	LINCSCP_17124	HA1E
0.2228	4.1353e-7	506	tetrahydropalmatine	LSM-45878	NA	0.04uM	24h	LINCSCP_172800	YAPC
0.2227	4.16e-7	506	Fluticasone Propionate	LSM-3384	NR3C1|PGR	0.04uM	24h	LINCSCP_95437	HA1E
0.2227	4.1633e-7	506	Perhexiline	LSM-4353	CPT1A|CPT2	0.37uM	24h	LINCSCP_72157	A375
0.2227	4.167e-7	506	Ammonium Glycyrrhizinate	LSM-46003	NA	0.37uM	24h	LINCSCP_121484	HT29
0.2227	4.1959e-7	506	Palbociclib	LSM-1071	CCND1|CDK4|CDK6	0.04uM	24h	LINCSCP_171715	YAPC
0.2225	4.2522e-7	506	301836-43-1	LSM-1203	CSNK1A1|TGFB1	0.37uM	24h	LINCSCP_147175	NEU
0.2225	4.2986e-7	506	LY2811376	LSM-45909	NA	0.12uM	24h	LINCSCP_80410	A375
0.2224	4.3081e-7	506	Toremifene	LSM-42973	ESR1|ESR2	3.33uM	24h	LINCSCP_73273	A375
0.2224	4.3336e-7	506	Vemurafenib	LSM-1068	BRAF	10uM	24h	LINCSCP_139608	MCF7
0.2223	4.3588e-7	506	BRD-K57166447	LSM-11891	NA	10uM	24h	LINCSCP_43022	NPC
0.2221	4.47e-7	506	NCGC00170233-01	LSM-36716	NA	10uM	24h	LINCSCP_10930	ASC
0.222	4.5286e-7	506	ZINC77024257	LSM-1171	MDM2	10uM	6h	LINCSCP_50629	PL21
0.222	4.5355e-7	506	Balaglitazone	LSM-45744	PPARG	0.12uM	24h	LINCSCP_138478	MCF7
0.222	4.5415e-7	506	GSK-1904529A	LSM-1134	IGF1R|INSR	0.37uM	24h	LINCSCP_163651	SKBR3
0.2219	4.5871e-7	506	Veliparib (ABT-888)	LSM-45805	NA	1.11uM	24h	LINCSCP_169592	YAPC
-0.2217	4.697e-7	506	Foretinib	LSM-1158	FLT1|FLT3|FLT4|KDR|KIT|MET|PDGFRA|PDGFRB|TEK	10uM	6h	LINCSCP_12261	BT20
0.2216	4.7463e-7	506	LCQ-908	LSM-45255	DGAT1	0.04uM	24h	LINCSCP_154613	PC3
0.2216	4.7683e-7	506	Trazodone	LSM-3580	HTR2A|HTR2C|SLC6A4	1.11uM	24h	LINCSCP_160390	PC3
0.2215	4.8511e-7	506	Voriconazole	LSM-5244	CYP2C19|CYP2C9|CYP3A4|CYP3A5|PTGS1	0.04uM	24h	LINCSCP_138305	MCF7
0.2215	4.8539e-7	506	AZD7687	LSM-45251	NA	0.04uM	24h	LINCSCP_137633	MCF7
0.2213	4.9639e-7	506	Gefitinib	LSM-1098	EGFR	0.04uM	24h	LINCSCP_77238	A375
0.2212	4.9948e-7	506	BMS-345541	LSM-1028	IKBKB	0.12uM	3h	LINCSCP_163896	SKBR3
0.2212	5.0315e-7	506	Fosinopril	LSM-4444	ACE	10uM	24h	LINCSCP_91630	HA1E
0.2209	5.1752e-7	506	Rigosertib	LSM-44531	CDK1|F2R|FLT1|FYN|PDGFRA|PLK1|PLK2|SRC	0.12uM	24h	LINCSCP_87393	CD34
0.2208	5.2325e-7	506	levopropoxyphene	LSM-45704	NA	0.12uM	24h	LINCSCP_134947	MCF7
0.2207	5.296e-7	506	Zuclomiphene	LSM-42849	ESR1	0.12uM	24h	LINCSCP_73960	A375
0.2205	5.4248e-7	506	CHEBI:82814	LSM-1744	CACNA1C	3.33uM	24h	LINCSCP_142170	MCF7
0.2204	5.553e-7	506	CHEMBL2132289	LSM-1044	RPS6KA3	1uM	6h	LINCSCP_235003	MCF10A
0.2203	5.6061e-7	506	NORGESTREL	LSM-45699	NA	3.33uM	24h	LINCSCP_169807	YAPC
0.2203	5.6188e-7	506	Ilomastat	LSM-3143	NA	0.04uM	24h	LINCSCP_171763	YAPC
0.2202	5.6323e-7	506	Methimazole	LSM-5646	TPO	3.33uM	24h	LINCSCP_123523	HT29
0.2202	5.6901e-7	506	Homochlorcyclizine	LSM-1394	HRH1	10uM	24h	LINCSCP_153984	PC3
0.2201	5.6965e-7	506	Loxoprofen	LSM-5054	NA	0.37uM	24h	LINCSCP_157316	PC3
0.2201	5.7318e-7	506	BMY-14802	LSM-1339	HTR1A	1.11uM	24h	LINCSCP_169898	YAPC
0.22	5.7879e-7	506	282089-49-0	LSM-3400	CNR2	0.12uM	24h	LINCSCP_172523	YAPC
0.22	5.7957e-7	506	Naftopidil	LSM-4302	NA	0.04uM	24h	LINCSCP_75070	A375
0.2199	5.8334e-7	506	Amoxapine	LSM-2021	DRD1|DRD2|DRD3|DRD4|DRD5|HTR2A|HTR6|SLC6A2|SLC6A4	10uM	24h	LINCSCP_122062	HT29
0.2199	5.8574e-7	506	Anandamide	LSM-43816	CNR1|CNR2|TRPV1	10uM	24h	LINCSCP_170848	YAPC
0.2198	5.909e-7	506	STK219801	LSM-43281	NA	0.04uM	24h	LINCSCP_148919	NPC
0.2197	5.9815e-7	506	Mozavaptan	LSM-45912	NA	0.37uM	24h	LINCSCP_74049	A375
0.2197	6.0132e-7	506	Rimonabant	LSM-36994	CNR1	1.11uM	24h	LINCSCP_169706	YAPC
0.2197	6.0407e-7	506	Amineptine	LSM-45457	NA	0.12uM	24h	LINCSCP_136643	MCF7
0.2196	6.1101e-7	506	Primaquine	LSM-1649	NA	0.04uM	24h	LINCSCP_122973	HT29
0.2193	6.2864e-7	506	Praziquantel	LSM-1387	NA	0.04uM	24h	LINCSCP_103122	HELA
0.2193	6.2992e-7	506	CHEMBL552425	LSM-1003	DDR1	0.12uM	24h	LINCSCP_113693	HME1
0.2193	6.3015e-7	506	Dacomitinib	LSM-42808	EGFR|ERBB2|ERBB3|ERBB4	1.11uM	24h	LINCSCP_139658	MCF7
0.2192	6.3678e-7	506	AC1N67O4	LSM-36605	NA	10uM	6h	LINCSCP_48630	PC3
0.2192	6.4098e-7	506	AZD-1775	LSM-1153	WEE1	0.12uM	24h	LINCSCP_171892	YAPC
0.2191	6.4758e-7	506	Forskolin, NKH477	LSM-45443	NA	3.33uM	24h	LINCSCP_135639	MCF7
0.219	6.502e-7	506	8-Cyclohexyl-2,3,3a,4,5,6-hexahydro-1H-pyrazino[3,2,1-jk]carbazole	LSM-1624	MAOA	3.33uM	24h	LINCSCP_106616	HELA
0.2189	6.6159e-7	506	Ranolazine	LSM-1952	SCN4A|SCN5A|SCN9A	10uM	24h	LINCSCP_80502	A375
0.2187	6.7471e-7	506	Tyrphostin AG-1478	LSM-1224	EGFR	60uM	6h	LINCSCP_43786	OV7
0.2187	6.7698e-7	506	Mebendazole	LSM-3749	NA	20uM	6h	LINCSCP_67584	MCF7
0.2187	6.7956e-7	506	AZD-8330	LSM-1165	MAP2K1|MAP2K2	3.33uM	3h	LINCSCP_115231	HS578T
0.2186	6.8496e-7	506	Arglabin	LSM-45693	NA	10uM	24h	LINCSCP_158889	PC3
0.2186	6.8969e-7	506	Linsitinib	LSM-1135	IGF1R|INSR	0.04uM	24h	LINCSCP_130756	MCF10A
0.2185	6.9268e-7	506	Meclofenamic acid	LSM-3108	ALOX5|PTGS1|PTGS2	1.11uM	24h	LINCSCP_159514	PC3
0.2185	6.9696e-7	506	TWS 119	LSM-1111	GSK3B	5uM	6h	LINCSCP_37398	MCF7
0.2184	7.0104e-7	506	CHEMBL258148	LSM-6214	CTSL	90uM	24h	LINCSCP_30482	MCF7
0.2183	7.1213e-7	506	Linifanib	LSM-1183	CSF1R|FLT1|FLT3|FLT4|KDR|PDGFRA|PDGFRB	1.11uM	3h	LINCSCP_164038	SKBR3
0.2183	7.1254e-7	506	CEP-32496	LSM-45568	BRAF|EGFR|RET	10uM	24h	LINCSCP_72923	A375
0.2183	7.1433e-7	506	Thalidomide	LSM-1914	CRBN|CUL4A|DDB1|RBX1|TNF	10uM	24h	LINCSCP_110509	HELA
0.2183	7.1513e-7	506	Pentylenetetrazol	LSM-3287	NA	10uM	24h	LINCSCP_243513	MCF7
0.2181	7.2511e-7	506	Levothyroxine	LSM-5447	THRA|THRB	0.37uM	24h	LINCSCP_104156	HELA
0.2181	7.2635e-7	506	OSI-906 (Linsitinib)	LSM-45278	IGF1R|INSR	10uM	24h	LINCSCP_108065	HELA
0.2181	7.2789e-7	506	Zardaverine	LSM-2833	PDE4D	0.37uM	24h	LINCSCP_170637	YAPC
0.2181	7.3058e-7	506	Falnidamol	LSM-3584	EGFR	3.33uM	24h	LINCSCP_160401	PC3
0.2181	7.3063e-7	506	GSK429286A	LSM-1012	ROCK1	3.33uM	24h	LINCSCP_149108	NPC
0.218	7.3578e-7	506	Voriconazole	LSM-5244	CYP2C19|CYP2C9|CYP3A4|CYP3A5|PTGS1	0.12uM	24h	LINCSCP_121725	HT29
0.218	7.4062e-7	506	Lapatinib	LSM-1051	EGFR|ERBB2	3.33uM	24h	LINCSCP_130003	LNCAP
0.2179	7.4152e-7	506	Phenethylisothiocyanate	LSM-4926	CYP2E1	10uM	6h	LINCSCP_234224	JHUEM2
0.2179	7.4487e-7	506	ascorbic-acid	LSM-45932	NA	10uM	24h	LINCSCP_170460	YAPC
0.2179	7.4651e-7	506	Avagacestat (BMS-708163)	LSM-45535	APH1A|APH1B|NCSTN|PSEN1|PSEN2|PSENEN	3.33uM	24h	LINCSCP_173688	YAPC
-0.2179	7.4896e-7	506	PF-04457845	LSM-45946	NA	0.12uM	24h	LINCSCP_160248	PC3
0.2178	7.5042e-7	506	Norethindrone Acetate	LSM-1295	PGR	1.11uM	24h	LINCSCP_136072	MCF7
0.2178	7.5077e-7	506	Pidotimod	LSM-5556	NA	0.37uM	24h	LINCSCP_91549	HA1E
0.2178	7.5479e-7	506	Vismodegib (GDC-0449)	LSM-45691	SMO	10uM	24h	LINCSCP_158517	PC3
0.2178	7.5511e-7	506	Elvitegravir	LSM-5647	NA	10uM	24h	LINCSCP_91702	HA1E
0.2177	7.678e-7	506	Venlafaxine	LSM-1616	SLC6A2|SLC6A4	1.11uM	24h	LINCSCP_123381	HT29
0.2176	7.7011e-7	506	BRD-A77864279	LSM-45397	NA	0.04uM	24h	LINCSCP_93803	HA1E
0.2176	7.7034e-7	506	Rimonabant	LSM-36994	CNR1	10uM	24h	LINCSCP_137898	MCF7
0.2176	7.7517e-7	506	TILUDRONATE DISODIUM	LSM-45491	NA	0.12uM	24h	LINCSCP_168000	YAPC
0.2176	7.7536e-7	506	Heat	LSM-1404	ADRA1A	10uM	24h	LINCSCP_42697	NPC
0.2172	8.0865e-7	506	NNC 26-9100	LSM-2163	GBA|SSTR4	10uM	24h	LINCSCP_14396	HA1E
0.2172	8.1383e-7	506	Dabigatran Etexilate	LSM-45249	NA	0.04uM	24h	LINCSCP_171457	YAPC
0.2171	8.1648e-7	506	Trimethoprim	LSM-5246	NA	0.12uM	24h	LINCSCP_104990	HELA
0.2171	8.2506e-7	506	GF-109203	LSM-2677	PRKCA	1.11uM	24h	LINCSCP_137402	MCF7
0.2171	8.2526e-7	506	Radicicol	LSM-43303	NA	0.04uM	24h	LINCSCP_130654	MCF10A
0.217	8.2716e-7	506	Dapivirine (TMC120)	LSM-45463	NA	0.37uM	24h	LINCSCP_121244	HT29
0.217	8.319e-7	506	SMR000031368	LSM-2820	NA	10uM	24h	LINCSCP_31367	MCF7
0.2169	8.3609e-7	506	Veliparib (ABT-888)	LSM-45805	NA	3.33uM	24h	LINCSCP_104412	HELA
0.2169	8.3659e-7	506	AMG 232	LSM-45882	NA	1.11uM	24h	LINCSCP_172623	YAPC
0.2168	8.4843e-7	506	Quinacrine	LSM-1577	TP53	10uM	6h	LINCSCP_29271	LOVO
0.2166	8.6839e-7	506	Dasatinib	LSM-1020	ABL1|BCR|BLK|EPHA2|FGR|FRK|FYN|HCK|KIT|LCK|LYN|PDGFRB|SRC|SRMS|YES1	1.11uM	3h	LINCSCP_163189	SKBR3
0.2166	8.7368e-7	506	BRD-K00663349	LSM-45739	NA	0.12uM	24h	LINCSCP_172583	YAPC
0.2165	8.8188e-7	506	Valproic acid	LSM-4620	ABAT|ALDH5A1|HDAC1|SCN1A|SCN3A	0.12uM	24h	LINCSCP_157203	PC3
0.2164	8.9265e-7	506	Palbociclib	LSM-1071	CCND1|CDK4|CDK6	0.04uM	24h	LINCSCP_145381	MDAMB231
0.2164	8.9383e-7	506	Foretinib	LSM-1158	FLT1|FLT3|FLT4|KDR|KIT|MET|PDGFRA|PDGFRB|TEK	10uM	3h	LINCSCP_132348	MCF7
0.2164	8.9623e-7	506	Mizolastine	LSM-5377	HRH1	10uM	24h	LINCSCP_168313	YAPC
0.2163	8.974e-7	506	Narlaprevir	LSM-45473	NA	10uM	24h	LINCSCP_122830	HT29
0.2163	9.0443e-7	506	Vorinostat	LSM-3828	HDAC1|HDAC2|HDAC3|HDAC6|HDAC8	0.37uM	24h	LINCSCP_86997	CD34
0.2162	9.0939e-7	506	Atipamezole (hydrochloride)	LSM-45983	NA	0.37uM	24h	LINCSCP_157137	PC3
0.2162	9.1019e-7	506	CO-1686 (AVL-301)	LSM-45736	EGFR	10uM	24h	LINCSCP_92493	HA1E
0.2162	9.161e-7	506	Propentofylline	LSM-3315	PDE1A	1.11uM	24h	LINCSCP_171556	YAPC
0.2161	9.2411e-7	506	Tolnaftate	LSM-5554	NA	10uM	24h	LINCSCP_170968	YAPC
0.2161	9.2607e-7	506	nimodipine	LSM-45413	NA	3.33uM	24h	LINCSCP_170293	YAPC
0.2161	9.2757e-7	506	SPECTRUM_001060	LSM-1251	ESR1	0.04uM	24h	LINCSCP_75142	A375
0.2161	9.2809e-7	506	Eugenol	LSM-2720	NA	10uM	24h	LINCSCP_92457	HA1E
0.2161	9.2943e-7	506	AZD-6482	LSM-1059	PIK3CA|PIK3CB|PIK3CD|PIK3CG|PIK3R1|PIK3R2|PIK3R3|PIK3R5	3.33uM	3h	LINCSCP_163302	SKBR3
0.2161	9.2952e-7	506	ICI 182,780	LSM-45768	NA	1.11uM	24h	LINCSCP_170582	YAPC
0.2159	9.4829e-7	506	ESTRAMUSTINE	LSM-45460	NA	0.04uM	24h	LINCSCP_160417	PC3
0.2158	9.5473e-7	506	Trimebutine	LSM-5182	OPRD1|OPRK1|OPRM1	0.37uM	24h	LINCSCP_80301	A375
0.2158	9.5776e-7	506	AV-412 (free base)	LSM-45753	NA	0.37uM	24h	LINCSCP_91419	HA1E
0.21560000000000001	9.7966e-7	506	BMY-14802	LSM-1339	HTR1A	0.12uM	24h	LINCSCP_169900	YAPC
0.21560000000000001	9.8216e-7	506	GW843682X	LSM-1014	PLK1|PLK3	10uM	3h	LINCSCP_163856	SKBR3
0.2154	1.0017e-6	506	5-(6-Aminopurin-9-yl)-2-methyltetrahydrofuran-3-ol	LSM-4354	NA	10uM	6h	LINCSCP_54073	SW620
0.2154	1.0087e-6	506	Dovitinib	LSM-1127	EGFR|FGFR1|FGFR2|FGFR3|FLT1|FLT3|FLT4|KDR|KIT|PDGFRA|PDGFRB	1.11uM	24h	LINCSCP_114837	HS578T
0.2153	1.0156e-6	506	Senicapoc	LSM-45645	KCNN4	1.11uM	24h	LINCSCP_72204	A375
0.2153	1.0183e-6	506	Crizotinib	LSM-1027	ALK|MET	3.33uM	24h	LINCSCP_130441	MCF10A
0.2152	1.0282e-6	506	Tamatinib	LSM-1040	SYK	0.04uM	24h	LINCSCP_115493	HS578T
0.2152	1.031e-6	506	PF-562271	LSM-1072	PTK2|PTK2B	1.11uM	24h	LINCSCP_110751	HELA
0.2151	1.0349e-6	506	L-Sulforaphane	LSM-4919	NFE2L2	3uM	6h	LINCSCP_38843	MCF7
0.2151	1.04e-6	506	LRRK2-IN-1	LSM-1086	LRRK2	0.37uM	24h	LINCSCP_130059	LNCAP
-0.2151	1.0411e-6	506	UNC 669	LSM-6337	NA	10uM	24h	LINCSCP_165754	SKL
0.2151	1.0412e-6	506	Azacitidine	LSM-5218	DNMT1|DNMT3A	1.11uM	24h	LINCSCP_76608	A375
0.215	1.0576e-6	506	RG7090	LSM-45680	GRM5	10uM	24h	LINCSCP_106965	HELA
0.2148	1.0719e-6	506	Temoporfin	LSM-45995	NA	3.33uM	24h	LINCSCP_168836	YAPC
-0.2147	1.0848e-6	506	Belinostat	LSM-43181	HDAC1|HDAC10|HDAC11|HDAC2|HDAC3|HDAC4|HDAC5|HDAC6|HDAC7|HDAC8|HDAC9	0.37uM	24h	LINCSCP_118542	HT29
0.2147	1.095e-6	506	BRD-K36150982	LSM-10611	NA	5uM	6h	LINCSCP_304221	VCAP
0.2146	1.1015e-6	506	Apitolisib (gdc-0980, rg7422)	LSM-4257	PIK3CA|PIK3CB|PIK3CD|PIK3CG|MTOR	10uM	3h	LINCSCP_163361	SKBR3
-0.2145	1.1192e-6	506	BRD-A73558769	LSM-45352	NA	3uM	24h	LINCSCP_12365	CD34
0.2144	1.1244e-6	506	Cobicistat (GS-9350)	LSM-45771	CYP3A4|CYP3A43|CYP3A5|CYP3A7|CYP3A7-CYP3A51P	0.37uM	24h	LINCSCP_168796	YAPC
0.2144	1.1256e-6	506	313516-66-4	LSM-2690	PPARG	10uM	24h	LINCSCP_18230	HCC515
0.2144	1.1322e-6	506	Flutamide	LSM-2621	AR	1.11uM	24h	LINCSCP_155596	PC3
0.2141	1.1647e-6	506	CP-724714	LSM-42777	ERBB2	0.37uM	3h	LINCSCP_144930	MDAMB231
0.2141	1.1715e-6	506	Tauroursodeoxy cholic acid dihydrate	LSM-45947	NA	0.04uM	24h	LINCSCP_77476	A375
0.214	1.1887e-6	506	Safinamide Mesylate	LSM-45956	MAOB	0.12uM	24h	LINCSCP_110861	HELA
0.2139	1.1965e-6	506	Bromperidol	LSM-5849	DRD2	10uM	6h	LINCSCP_34617	MCF7
0.2138	1.2131e-6	506	Hexachlorophene	LSM-6032	NA	10uM	24h	LINCSCP_98558	HA1E
-0.2138	1.2167e-6	506	Ursolic acid	LSM-4889	HSD11B1|PTPN1	0.04uM	24h	LINCSCP_124006	HT29
0.2138	1.2173e-6	506	Neratinib	LSM-42778	EGFR|ERBB2|ERBB4	10uM	6h	LINCSCP_40138	NCIH2073
0.2137	1.2224e-6	506	Procaterol	LSM-1391	ADRB2	10uM	24h	LINCSCP_192140	A549
0.2136	1.2413e-6	506	FK 866	LSM-43216	NAMPT	0.12uM	24h	LINCSCP_155347	PC3
0.2136	1.2477e-6	506	Glafenine	LSM-4419	CFTR	0.12uM	24h	LINCSCP_136751	MCF7
0.2135	1.2492e-6	506	XAV 939	LSM-5303	TNKS|TNKS2	10uM	6h	LINCSCP_10525	AGS
0.2135	1.2535e-6	506	LGX818	LSM-45655	NA	1.11uM	24h	LINCSCP_105815	HELA
0.2134	1.265e-6	506	AKT Inhibitor IV	LSM-43091	AKT1	10uM	6h	LINCSCP_12536	CL34
0.2133	1.2813e-6	506	PIK 75	LSM-44948	PIK3CA	0.1uM	6h	LINCSCP_43766	OV7
0.2132	1.3033e-6	506	Butein	LSM-42896	ACE	10uM	24h	LINCSCP_14418	HA1E
0.2131	1.3126e-6	506	SA-101776	LSM-38209	NA	1uM	6h	LINCSCP_37773	MCF7
0.2131	1.3164e-6	506	CHEBI:82814	LSM-1744	CACNA1C	10uM	24h	LINCSCP_142169	MCF7
0.2131	1.3198e-6	506	SU-11652	LSM-43098	KDR|PDGFRB	3.33uM	24h	LINCSCP_91793	HA1E
0.213	1.3249e-6	506	GW-5074	LSM-42779	RAF1	10uM	24h	LINCSCP_149175	NPC
0.213	1.3287e-6	506	Rottlerin	LSM-42845	NA	10uM	24h	LINCSCP_138780	MCF7
0.2129	1.3539e-6	506	Benoxinate	LSM-2069	SCN10A|SCN11A|SCN1A|SCN2A|SCN3A|SCN4A|SCN5A|SCN7A|SCN8A|SCN9A	0.04uM	24h	LINCSCP_74877	A375
0.2128	1.3664e-6	506	Raloxifene	LSM-3425	ESR1|ESR2	3.33uM	24h	LINCSCP_95559	HA1E
0.2127	1.3724e-6	506	Amuvatinib	LSM-1118	FLT3|KIT|MET|PDGFRA	0.04uM	24h	LINCSCP_159098	PC3
0.2127	1.3839e-6	506	AZD-1480	LSM-45764	NA	0.04uM	24h	LINCSCP_95665	HA1E
0.2126	1.3891e-6	506	SPECTRUM1505012	LSM-1773	CYP19A1	0.12uM	24h	LINCSCP_160992	PC3
0.2126	1.3907e-6	506	Tolazamide	LSM-2699	ABCC8|KCNJ11	10uM	6h	LINCSCP_54762	T3M10
0.2125	1.4083e-6	506	Nepafenac	LSM-45729	PTGS1|PTGS2	3.33uM	24h	LINCSCP_74581	A375
0.2125	1.4097e-6	506	AVN-944	LSM-45510	NA	0.37uM	24h	LINCSCP_158826	PC3
0.2124	1.4194e-6	506	Canertinib	LSM-1120	EGFR|ERBB2|ERBB4	0.04uM	3h	LINCSCP_130235	LNCAP
0.2124	1.4222e-6	506	Forskolin, NKH477	LSM-45443	NA	10uM	24h	LINCSCP_90459	HA1E
0.2124	1.4354e-6	506	Broad-Sai-595	LSM-45345	NA	0.1uM	6h	LINCSCP_212655	HA1E
0.2123	1.4481e-6	506	EVP-6124 (hydrochloride)	LSM-45538	CHRFAM7A|CHRNA7	1.11uM	24h	LINCSCP_97465	HA1E
0.2122	1.4548e-6	506	HYDROXYUREA	LSM-45988	RRM1|RRM2|RRM2B	3.33uM	24h	LINCSCP_123362	HT29
0.2122	1.4575e-6	506	IN1549	LSM-4488	NA	3.33uM	24h	LINCSCP_168770	YAPC
0.2122	1.4637e-6	506	HC-030031	LSM-45802	NA	0.12uM	24h	LINCSCP_161472	PC3
0.2121	1.4714e-6	506	WZ3105	LSM-5970	CLK2|CSNK1E|FLT3|ULK1	3.33uM	3h	LINCSCP_145006	MDAMB231
0.2121	1.483e-6	506	Formoterol	LSM-4251	ADRB2	0.04uM	24h	LINCSCP_171887	YAPC
0.2119	1.5081e-6	506	IN1541	LSM-4460	PRKAA1	10uM	6h	LINCSCP_25018	HT115
0.2118	1.5254e-6	506	3,7-Bis(dimethylamino)phenothiazin-5-ium	LSM-4555	ACHE	10uM	6h	LINCSCP_54748	T3M10
0.2118	1.5262e-6	506	UREA	LSM-45688	NA	3.33uM	24h	LINCSCP_169099	YAPC
0.2117	1.5421e-6	506	IMEXON	LSM-45234	NA	0.12uM	24h	LINCSCP_161634	PC3
0.2117	1.5469e-6	506	GSK-J2	LSM-44940	NA	0.37uM	24h	LINCSCP_88949	HA1E
0.2116	1.5595e-6	506	282089-49-0	LSM-3400	CNR2	0.04uM	24h	LINCSCP_172524	YAPC
0.2116	1.5692e-6	506	COT-10B	LSM-6226	NA	40uM	6h	LINCSCP_10351	A673
0.2113	1.613e-6	506	Colchicine	LSM-5199	TUBA1A|TUBA1B|TUBA1C|TUBA3E|TUBA4A|TUBB|TUBB1|TUBB2A|TUBB2B|TUBB3|TUBB4A|TUBB4B|TUBB6|TUBB8	0.12uM	24h	LINCSCP_105098	HELA
0.2113	1.6192e-6	506	Oxybenzone	LSM-3309	NA	0.12uM	24h	LINCSCP_106374	HELA
0.2113	1.6238e-6	506	PD-0325901	LSM-1101	MAP2K1|MAP2K2	10uM	24h	LINCSCP_134271	MCF7
0.2112	1.633e-6	506	NCGC00346967-01	LSM-6297	EPHB3	10uM	24h	LINCSCP_133963	MCF7
0.2112	1.6412e-6	506	BMS-299897	LSM-6207	NA	0.37uM	24h	LINCSCP_170553	YAPC
0.2111	1.657e-6	506	Sorafenib	LSM-1008	BRAF|DDR2|FGFR1|FLT1|FLT3|FLT4|KDR|KIT|PDGFRB|RAF1|RET	1.11uM	24h	LINCSCP_145300	MDAMB231
0.211	1.6715e-6	506	Inolitazone (dihydrochloride)	LSM-45726	PPARG	3.33uM	24h	LINCSCP_168434	YAPC
0.211	1.6848e-6	506	AMG 487	LSM-45938	NA	10uM	24h	LINCSCP_92050	HA1E
0.2109	1.7028e-6	506	GSK-J1	LSM-44939	NA	0.12uM	24h	LINCSCP_146775	NEU
0.2109	1.7034e-6	506	Methazolamide	LSM-5311	CA1|CA2|CA4|CA7	0.12uM	24h	LINCSCP_121305	HT29
0.2108	1.7219e-6	506	Midostaurin	LSM-2287	FLT3|KDR|KIT|PDGFRA|PDGFRB|PRKCA|PRKCB|PRKCD|PRKCE|PRKCG|PRKCH|PRKCI|PRKCQ|PRKCZ|PRKD1|PRKD3	0.04uM	24h	LINCSCP_169721	YAPC
0.2108	1.7264e-6	506	Glipizide	LSM-2251	ABCC8|KCNJ11	3.33uM	24h	LINCSCP_155966	PC3
0.2107	1.7394e-6	506	Lersivirine	LSM-45853	NA	1.11uM	24h	LINCSCP_170606	YAPC
0.2107	1.7441e-6	506	Dexfenfluramine	LSM-5685	SLC6A4	0.12uM	24h	LINCSCP_171522	YAPC
0.2107	1.747e-6	506	Amodiaquine	LSM-4042	HNMT	10uM	24h	LINCSCP_155403	PC3
-0.2106	1.7533e-6	506	Taranabant	LSM-45803	CNR1	0.04uM	24h	LINCSCP_155940	PC3
0.2106	1.7603e-6	506	AMD-070 (hydrochloride)	LSM-45591	NA	0.12uM	24h	LINCSCP_157287	PC3
0.2105	1.7716e-6	506	Lersivirine	LSM-45853	NA	3.33uM	24h	LINCSCP_93595	HA1E
-0.2105	1.7807e-6	506	Erlotinib	LSM-1097	EGFR	3.33uM	3h	LINCSCP_131064	MCF10A
0.2105	1.7874e-6	506	Bupivacaine	LSM-4301	SCN4A	10uM	24h	LINCSCP_138588	MCF7
0.2105	1.7893e-6	506	Nebivolol	LSM-45235	NA	10uM	24h	LINCSCP_138168	MCF7
0.2104	1.7931e-6	506	Rifabutin	LSM-5004	NA	10uM	24h	LINCSCP_155708	PC3
0.2103	1.8153e-6	506	Propentofylline	LSM-3315	PDE1A	1.11uM	24h	LINCSCP_123173	HT29
0.2103	1.8172e-6	506	Emapunil	LSM-45673	NA	3.33uM	24h	LINCSCP_96337	HA1E
0.2103	1.8221e-6	506	Neostigmine	LSM-5360	ACHE	1.11uM	24h	LINCSCP_168112	YAPC
0.2103	1.8235e-6	506	Lenvatinib (E7080)	LSM-45581	FLT1|FLT4|KDR	0.37uM	24h	LINCSCP_122365	HT29
0.2103	1.8289e-6	506	Valdecoxib	LSM-5305	PTGS2	100uM	24h	LINCSCP_15263	HA1E
0.2102	1.8324e-6	506	(-)-Tramadol	LSM-3125	OPRM1|SLC6A2|SLC6A4	3.33uM	24h	LINCSCP_137005	MCF7
0.2101	1.853e-6	506	916985-21-2	LSM-4790	NA	10uM	6h	LINCSCP_257316	NCIH508
0.2101	1.8532e-6	506	Indole-3-carbinol	LSM-2011	AHR	0.12uM	24h	LINCSCP_138628	MCF7
0.2101	1.857e-6	506	Defactinib	LSM-45153	PTK2|PTK2B	3.33uM	24h	LINCSCP_157326	PC3
0.2101	1.8696e-6	506	Dilazep	LSM-3068	SLC29A1	10uM	24h	LINCSCP_96426	HA1E
0.21	1.8762e-6	506	Hesperidin	LSM-45813	NA	0.12uM	24h	LINCSCP_99113	HA1E
0.21	1.8771e-6	506	Tyrphostin AG-112	LSM-43079	NA	10uM	24h	LINCSCP_91756	HA1E
0.21	1.8778e-6	506	Aliskiren	LSM-2653	REN	0.12uM	24h	LINCSCP_155766	PC3
0.21	1.8785e-6	506	Esmolol	LSM-4957	ADRB1|ADRB2	0.12uM	24h	LINCSCP_121797	HT29
0.21	1.894e-6	506	Ketorolac	LSM-1526	PTGS1|PTGS2	1.11uM	24h	LINCSCP_157177	PC3
0.2099	1.9039e-6	506	Ethacrynic acid	LSM-3420	SLC12A1	10uM	24h	LINCSCP_95198	HA1E
0.2098	1.9292e-6	506	CEFEPIME HYDROCHLORIDE	LSM-45262	NA	0.04uM	24h	LINCSCP_169553	YAPC
0.2097	1.9469e-6	506	TG 100801	LSM-45980	BLK|EPHB4|FGFR1|FGFR2|FGR|FLT1|FRK|FYN|HCK|KDR|LCK|LYN|PDGFRB|SRC|SRMS|YES1	3.33uM	24h	LINCSCP_169609	YAPC
0.2097	1.9612e-6	506	STOCK1N-09285	LSM-1332	ESR1	10uM	24h	LINCSCP_137970	MCF7
0.2096	1.9722e-6	506	Pramipexole	LSM-5243	DRD2|DRD3|DRD4	0.04uM	24h	LINCSCP_138281	MCF7
-0.2095	1.9927e-6	506	Esmolol	LSM-4957	ADRB1|ADRB2	3.33uM	24h	LINCSCP_156577	PC3
0.2095	1.9935e-6	506	Halofantrine	LSM-5072	NA	0.37uM	24h	LINCSCP_91831	HA1E
-0.2094	2.0264e-6	506	Gliquidone	LSM-3809	ABCC8	0.04uM	24h	LINCSCP_141724	MCF7
0.2094	2.0269e-6	506	Sulpiride	LSM-5080	CA7|DRD2|DRD3	0.12uM	24h	LINCSCP_73431	A375
0.2094	2.0301e-6	506	CI-1040	LSM-1048	MAP2K1|MAP2K2	0.04uM	3h	LINCSCP_163378	SKBR3
0.2094	2.031e-6	506	BX471	LSM-45629	NA	10uM	24h	LINCSCP_80180	A375
0.2093	2.0334e-6	506	Sepantronium	LSM-5399	BIRC5	0.12uM	24h	LINCSCP_168988	YAPC
0.2093	2.0407e-6	506	Rizatriptan	LSM-3691	HTR1B|HTR1D|HTR1F	3.33uM	24h	LINCSCP_109516	HELA
0.2092	2.071e-6	506	Vinburnine	LSM-2891	NA	0.25uM	24h	LINCSCP_170755	YAPC
0.2092	2.0725e-6	506	TL_HRAS26	LSM-2013	NA	10uM	24h	LINCSCP_3954	A375
0.209	2.1024e-6	506	PDK1 Inhibitor	LSM-1081	PDPK1	0.12uM	24h	LINCSCP_148554	NPC
0.209	2.1028e-6	506	PF431396	LSM-1116	NA	0.37uM	24h	LINCSCP_144667	MDAMB231
0.209	2.1095e-6	506	7,8-Dihydroxychlorpromazine	LSM-37065	NA	10uM	24h	LINCSCP_43235	NPC
0.209	2.1203e-6	506	Manumycin-A	LSM-43075	FNTA|IKBKB	0.12uM	24h	LINCSCP_158371	PC3
0.209	2.1249e-6	506	MLN-8054	LSM-1066	AURKA	1.11uM	24h	LINCSCP_166033	SKL
0.2089	2.1405e-6	506	Palbociclib	LSM-1071	CCND1|CDK4|CDK6	3.33uM	24h	LINCSCP_129818	LNCAP
0.2089	2.146e-6	506	M3M3FBS	LSM-2196	PLCB2|PLCB3|PLCD1|PLCG1|PLCG2	80uM	6h	LINCSCP_53895	SNUC5
0.2089	2.1488e-6	506	AZD3514	LSM-45831	AR	10uM	24h	LINCSCP_96198	HA1E
0.2088	2.1529e-6	506	JNJ-38877605	LSM-1157	MET	1.11uM	24h	LINCSCP_170468	YAPC
0.2088	2.1597e-6	506	meloxicam	LSM-45282	NA	1.12uM	24h	LINCSCP_170360	YAPC
0.2087	2.1824e-6	506	MT-21	LSM-1969	CYCS	10uM	24h	LINCSCP_18509	HCC515
0.2087	2.1865e-6	506	AC1NWAML	LSM-1325	NR3C1	10uM	24h	LINCSCP_156067	PC3
0.2087	2.1893e-6	506	PX 12	LSM-4918	TXN|TXNRD1	30uM	6h	LINCSCP_40015	NCIH2073
0.2085	2.2315e-6	506	Econazole	LSM-1617	NA	10uM	24h	LINCSCP_171770	YAPC
0.2085	2.2515e-6	506	CHEMBL1083527	LSM-1122	NA	10uM	3h	LINCSCP_115182	HS578T
0.2084	2.2532e-6	506	423735-93-7	LSM-3308	NA	10uM	6h	LINCSCP_53029	SKLU1
0.2084	2.2534e-6	506	Lorcaserin HCl	LSM-45745	HTR2C	0.37uM	24h	LINCSCP_171927	YAPC
0.2084	2.2672e-6	506	Acivicin	LSM-45583	NA	0.41uM	24h	LINCSCP_104468	HELA
0.2083	2.2829e-6	506	AC1MJ3VH	LSM-1731	TOP2A	3.33uM	24h	LINCSCP_91835	HA1E
0.2083	2.2838e-6	506	Ledipasvir	LSM-45925	NA	0.37uM	24h	LINCSCP_74672	A375
0.2083	2.2853e-6	506	Imipramine	LSM-2852	CHRM2|SLC6A2|SLC6A4	0.04uM	24h	LINCSCP_157109	PC3
0.2083	2.2859e-6	506	Efavirenz	LSM-5526	CYP1A2|CYP2B6|CYP2C19|CYP2C9|CYP2D6|CYP3A4	0.04uM	24h	LINCSCP_170769	YAPC
0.2082	2.3115e-6	506	282089-49-0	LSM-3400	CNR2	3.33uM	24h	LINCSCP_172520	YAPC
0.2082	2.3172e-6	506	Entinostat	LSM-4811	HDAC1|HDAC10|HDAC11|HDAC2|HDAC3|HDAC4|HDAC5|HDAC6|HDAC7|HDAC8|HDAC9	10uM	24h	LINCSCP_17121	HA1E
0.2082	2.327e-6	506	Broad-Sai-609	LSM-45327	NA	3uM	6h	LINCSCP_250138	MCF7
0.2082	2.3275e-6	506	MK-2206	LSM-1057	AKT1|AKT2|AKT3	1.11uM	3h	LINCSCP_86264	BT20
0.2081	2.3494e-6	506	Furosemide	LSM-5847	SLC12A1|SLC12A2	0.12uM	24h	LINCSCP_143007	MCF7
0.2081	2.3567e-6	506	Triamterene	LSM-4060	SCNN1A|SCNN1B|SCNN1G	10uM	6h	LINCSCP_176522	A375
0.2079	2.3845e-6	506	Tacalcitol	LSM-45518	NA	1.11uM	24h	LINCSCP_78749	A375
0.2079	2.3967e-6	506	R-7128	LSM-45627	NA	3.33uM	24h	LINCSCP_142548	MCF7
0.2079	2.402e-6	506	Ursolic acid	LSM-4889	HSD11B1|PTPN1	70uM	6h	LINCSCP_10612	AGS
0.2079	2.4109e-6	506	Estramustine phosphate sodium	LSM-45379	ESR2	0.37uM	24h	LINCSCP_93275	HA1E
0.2078	2.4279e-6	506	PD153035 (Hydrochloride)	LSM-45421	NA	1.11uM	24h	LINCSCP_101216	HELA
0.2078	2.428e-6	506	Rufinamide	LSM-45759	SCN10A|SCN11A|SCN1A|SCN2A|SCN3A|SCN4A|SCN5A|SCN7A|SCN8A|SCN9A	0.12uM	24h	LINCSCP_103049	HELA
0.2078	2.4293e-6	506	SCHEMBL6874948	LSM-5674	LCK	0.37uM	3h	LINCSCP_113346	HME1
0.2078	2.4337e-6	506	Selumetinib	LSM-1056	MAP2K1|MAP2K2	0.04uM	24h	LINCSCP_113234	HME1
0.2077	2.4415e-6	506	VX-745	LSM-1169	MAPK14	10uM	6h	LINCSCP_52089	SKBR3
0.2077	2.4582e-6	506	Tyrphostin AG 879	LSM-3320	ERBB2|KDR|NTRK1	10uM	24h	LINCSCP_42763	NPC
0.2077	2.4635e-6	506	Afatinib	LSM-43226	EGFR|ERBB2|ERBB4	3.33uM	24h	LINCSCP_77336	A375
0.2076	2.4756e-6	506	BRD-K64665684	LSM-40802	NA	10uM	24h	LINCSCP_253976	MCF7
0.2076	2.4847e-6	506	BRD-K83732250	LSM-41847	NA	30uM	6h	LINCSCP_309943	VCAP
0.2076	2.4882e-6	506	Methoxsalen	LSM-3410	CYP1A1|CYP1A2|CYP2A13|CYP2A6|CYP3A4	0.12uM	24h	LINCSCP_172517	YAPC
0.2075	2.5019e-6	506	Cobimetinib	LSM-45714	MAP2K1|MAP2K2	0.37uM	24h	LINCSCP_138789	MCF7
0.2075	2.5082e-6	506	(E)-5-((4-((2-Carboxyethyl)carbamoyl)phenyl)diazenyl)-2-hydroxybenzoic acid	LSM-5532	ALOX5|PPARG|PTGS1|PTGS2	1.11uM	24h	LINCSCP_157225	PC3
0.2075	2.5135e-6	506	IC 261	LSM-42870	NA	10uM	24h	LINCSCP_42723	NPC
0.2074	2.538e-6	506	OSI-930	LSM-1179	FLT1|FLT4|KDR|KIT	10uM	24h	LINCSCP_39381	MDAMB231
0.2073	2.5561e-6	506	Rilmenidine	LSM-4253	ADRA2A|NISCH	0.04uM	24h	LINCSCP_169853	YAPC
0.2073	2.5585e-6	506	Sorafenib	LSM-1008	BRAF|DDR2|FGFR1|FLT1|FLT3|FLT4|KDR|KIT|PDGFRB|RAF1|RET	1.11uM	24h	LINCSCP_91452	HA1E
0.2072	2.5917e-6	506	PF-04691502	LSM-45239	MTOR|PIK3CA|PIK3CB|PIK3CD|PIK3CG|PIK3R1|PIK3R2|PIK3R3|PIK3R5	0.12uM	24h	LINCSCP_138394	MCF7
0.2072	2.5958e-6	506	SU14813	LSM-45732	NA	10uM	24h	LINCSCP_161132	PC3
0.2071	2.6227e-6	506	Meclofenamic acid	LSM-3108	ALOX5|PTGS1|PTGS2	1.11uM	24h	LINCSCP_96099	HA1E
0.207	2.6438e-6	506	GDC-0980 (RG7422)	LSM-45720	MTOR|PIK3CA|PIK3CB|PIK3CD|PIK3CG|PIK3R1|PIK3R2|PIK3R3|PIK3R5	1.11uM	24h	LINCSCP_168411	YAPC
0.207	2.6526e-6	506	JNJ-38877605	LSM-1157	MET	0.04uM	24h	LINCSCP_112710	HEPG2
0.207	2.656e-6	506	MEGXM0_000149	LSM-4932	NA	10uM	24h	LINCSCP_42335	NPC
0.2069	2.6973e-6	506	Cinnarizine	LSM-42858	HRH1	10uM	24h	LINCSCP_170190	YAPC
0.2067	2.7462e-6	506	Betrixaban	LSM-45445	F10	3.33uM	24h	LINCSCP_126431	HT29
0.2066	2.7655e-6	506	SCHEMBL6874948	LSM-5674	LCK	1.11uM	3h	LINCSCP_163864	SKBR3
0.2065	2.7965e-6	506	E319	LSM-36677	NA	100uM	24h	LINCSCP_17459	HA1E
0.2065	2.8172e-6	506	AZ628	LSM-1050	BRAF|RAF1	10uM	24h	LINCSCP_165346	SKL
0.2064	2.832e-6	506	FK 866	LSM-43216	NAMPT	1.11uM	24h	LINCSCP_155345	PC3
0.2064	2.8331e-6	506	SDZ NKT 343	LSM-45398	NA	0.04uM	24h	LINCSCP_172650	YAPC
0.2064	2.8443e-6	506	Clindamycin	LSM-45814	NA	0.04uM	24h	LINCSCP_94798	HA1E
-0.2064	2.8541e-6	506	FLUDARABINE PHOSPHATE	LSM-45862	POLA1|POLD1|POLE|RRM1|RRM2|RRM2B	1.11uM	24h	LINCSCP_97435	HA1E
0.2063	2.8748e-6	506	SB225002	LSM-3367	CXCR2	10uM	24h	LINCSCP_42767	NPC
0.2062	2.8987e-6	506	CHEMBL41721	LSM-4978	CNR1|CNR2|GRIN1	10uM	24h	LINCSCP_40796	NEU
0.2061	2.9283e-6	506	Prosteride	LSM-1842	SRD5A1|SRD5A2	0.37uM	24h	LINCSCP_96130	HA1E
0.2061	2.935e-6	506	Dasatinib	LSM-1020	ABL1|BCR|BLK|EPHA2|FGR|FRK|FYN|HCK|KIT|LCK|LYN|PDGFRB|SRC|SRMS|YES1	0.04uM	24h	LINCSCP_70523	A375
0.206	2.9582e-6	506	PI-103	LSM-1126	MTOR|PIK3CA|PIK3CB|PIK3CD|PIK3CG	1.11uM	24h	LINCSCP_136994	MCF7
0.206	2.9884e-6	506	PF431396	LSM-1116	NA	0.12uM	3h	LINCSCP_163221	SKBR3
0.2059	3.0003e-6	506	AZD-8330	LSM-1165	MAP2K1|MAP2K2	3.33uM	3h	LINCSCP_145072	MDAMB231
0.2059	3.0102e-6	506	Tiagabine	LSM-5700	SLC6A1	0.12uM	24h	LINCSCP_171642	YAPC
0.2059	3.0207e-6	506	Pimozide	LSM-2001	DRD1|DRD2|DRD3|DRD4|DRD5|HTR2A	0.12uM	24h	LINCSCP_75045	A375
0.2058	3.0261e-6	506	SGX-523	LSM-1123	MET	0.04uM	24h	LINCSCP_103003	HELA
0.2058	3.0293e-6	506	AC1L1IKY	LSM-5389	NA	0.04uM	24h	LINCSCP_122997	HT29
0.2058	3.0448e-6	506	Mirodenafil (dihydrochloride)	LSM-45289	NA	3.33uM	24h	LINCSCP_108456	HELA
0.2058	3.0513e-6	506	BRD-K54343811	LSM-44966	NA	3uM	24h	LINCSCP_49317	PC3
0.2057	3.0867e-6	506	Olprinone (Hydrochloride)	LSM-45375	NA	0.12uM	24h	LINCSCP_168240	YAPC
0.2056	3.1011e-6	506	936890-98-1	LSM-42786	MTOR	0.04uM	24h	LINCSCP_85895	BT20
0.2056	3.1097e-6	506	Selumetinib	LSM-1056	MAP2K1|MAP2K2	1.11uM	3h	LINCSCP_130346	LNCAP
0.2056	3.1102e-6	506	VTP-27999 (Hydrochloride)	LSM-45436	NA	10uM	24h	LINCSCP_159968	PC3
0.2055	3.1372e-6	506	GSK256066	LSM-45984	NA	10uM	24h	LINCSCP_93642	HA1E
0.2055	3.1449e-6	506	JNJ-38877605	LSM-1157	MET	0.04uM	24h	LINCSCP_170471	YAPC
0.2055	3.1452e-6	506	Methantheline	LSM-2202	HRH2	10uM	6h	LINCSCP_240861	MCF7
0.2054	3.1726e-6	506	Vemurafenib	LSM-1068	BRAF	10uM	24h	LINCSCP_157810	PC3
0.2054	3.1737e-6	506	Cefoperazone	LSM-15520	NA	0.12uM	24h	LINCSCP_138652	MCF7
0.2054	3.1783e-6	506	R547	LSM-45812	NA	0.12uM	24h	LINCSCP_158185	PC3
0.2054	3.1786e-6	506	Febuxostat	LSM-3064	XDH	10uM	24h	LINCSCP_172956	YAPC
0.2053	3.2056e-6	506	ABT737	LSM-1180	BCL2|BCL2L1|BCL2L2	0.37uM	24h	LINCSCP_123024	HT29
0.2053	3.2138e-6	506	Erismodegib	LSM-4938	SMO	10uM	6h	LINCSCP_223018	HT115
0.2053	3.2242e-6	506	Cytochalasin B	LSM-46134	NA	4.17uM	24h	LINCSCP_108215	HELA
0.2053	3.2298e-6	506	Gaboxadol	LSM-5947	GABRA1|GABRA2|GABRA3|GABRA4|GABRA5|GABRA6|GABRB1|GABRB2|GABRB3|GABRD	10uM	24h	LINCSCP_155421	PC3
0.2052	3.2476e-6	506	Rivaroxaban	LSM-45951	NA	0.37uM	24h	LINCSCP_141692	MCF7
0.2052	3.2504e-6	506	Thioridazine	LSM-1863	DRD1|DRD2|DRD3|DRD4|HTR2A|HTR2C	0.5uM	24h	LINCSCP_235596	MCF7
0.2052	3.2516e-6	506	AS-605240	LSM-42784	PIK3CG	0.04uM	3h	LINCSCP_131801	MCF10A
0.2052	3.2677e-6	506	SU 11274	LSM-42792	MET	10uM	24h	LINCSCP_52344	SKB
0.2051	3.2951e-6	506	Camostat Mesilate	LSM-45240	NA	0.37uM	24h	LINCSCP_91603	HA1E
0.2051	3.3025e-6	506	Praziquantel	LSM-1387	NA	1.11uM	24h	LINCSCP_168297	YAPC
0.205	3.3133e-6	506	Zileuton	LSM-5084	ALOX5	0.37uM	24h	LINCSCP_91801	HA1E
0.205	3.3188e-6	506	Moxisylyte	LSM-5868	NA	0.04uM	24h	LINCSCP_160543	PC3
0.205	3.3205e-6	506	761437-28-9	LSM-1208	NA	0.12uM	24h	LINCSCP_164468	SKL.C
0.205	3.3238e-6	506	FK888	LSM-3876	TACR1	3.33uM	24h	LINCSCP_77819	A375
0.2049	3.3512e-6	506	Hydroflumethiazide	LSM-5497	SLC12A1|SLC12A3	0.37uM	24h	LINCSCP_120500	HT29
0.2049	3.3535e-6	506	Metoclopramide	LSM-3689	DRD2|HTR3A|HTR4	3.33uM	24h	LINCSCP_109942	HELA
0.2049	3.3543e-6	506	BRD-A07407288	LSM-1460	NA	10uM	6h	LINCSCP_33962	MCF7
0.2049	3.355e-6	506	GSK256066	LSM-45984	NA	1.11uM	24h	LINCSCP_93644	HA1E
0.2049	3.3732e-6	506	MLS-0315871.0001	LSM-4862	NA	10uM	24h	LINCSCP_42216	NPC
0.2049	3.3829e-6	506	Vinburnine	LSM-2891	NA	0.25uM	24h	LINCSCP_157154	PC3
0.2048	3.4056e-6	506	Everolimus	LSM-43172	FKBP1A|MTOR	1.11uM	24h	LINCSCP_156093	PC3
0.2048	3.4079e-6	506	Seliciclib	LSM-1001	CDK1|CDK2|CDK5|CDK7|CDK9	10uM	3h	LINCSCP_132390	MCF7
0.2047	3.445e-6	506	Procainamide	LSM-3681	SCN10A|SCN11A|SCN1A|SCN2A|SCN3A|SCN4A|SCN5A|SCN7A|SCN8A|SCN9A	10uM	24h	LINCSCP_243548	MCF7
-0.2046	3.4651e-6	506	BRD-K30478013	LSM-7243	NA	5uM	6h	LINCSCP_298508	VCAP
0.2046	3.4903e-6	506	RG2833 (RGFP109)	LSM-45565	NA	0.37uM	24h	LINCSCP_75164	A375
0.2044	3.5438e-6	506	Palbociclib	LSM-1071	CCND1|CDK4|CDK6	0.04uM	24h	LINCSCP_158114	PC3
0.2044	3.5594e-6	506	Pimasertib	LSM-5946	MAP2K1|MAP2K2	0.12uM	24h	LINCSCP_137356	MCF7
0.2044	3.5778e-6	506	VILAZODONE HYDROCHLORIDE	LSM-45389	HTR1A|SLC6A4	10uM	24h	LINCSCP_171500	YAPC
0.2043	3.5981e-6	506	Arglabin	LSM-45693	NA	1.11uM	24h	LINCSCP_77145	A375
0.2043	3.6112e-6	506	Saracatinib	LSM-1032	ABL1|SRC	0.04uM	24h	LINCSCP_132616	MCF7
0.2043	3.6175e-6	506	SPECTRUM_001579	LSM-6509	NA	0.37uM	24h	LINCSCP_79979	A375
0.2042	3.6474e-6	506	Piplartine	LSM-42914	NA	10uM	6h	LINCSCP_223025	HT115
0.2042	3.661e-6	506	AZD-5438	LSM-1159	CDK1|CDK10|CDK11B|CDK12|CDK13|CDK14|CDK15|CDK16|CDK17|CDK18|CDK19|CDK2|CDK20|CDK3|CDK4|CDK5|CDK6|CDK7|CDK8|CDK9	0.04uM	24h	LINCSCP_129923	LNCAP
0.2041	3.664e-6	506	TH-302	LSM-45919	NA	3.33uM	24h	LINCSCP_168266	YAPC
0.2041	3.6672e-6	506	CHEMBL1083527	LSM-1122	NA	1.11uM	3h	LINCSCP_132290	MCF7
0.204	3.7026e-6	506	Dasatinib	LSM-1020	ABL1|BCR|BLK|EPHA2|FGR|FRK|FYN|HCK|KIT|LCK|LYN|PDGFRB|SRC|SRMS|YES1	0.12uM	24h	LINCSCP_128462	HUVEC
0.2039	3.7447e-6	506	Adarotene	LSM-45863	NA	0.04uM	24h	LINCSCP_93283	HA1E
0.2039	3.7498e-6	506	Trifluoperazine	LSM-4010	DRD2|DRD3|DRD4|HTR2A|HTR2C	0.37uM	24h	LINCSCP_73412	A375
0.2039	3.7542e-6	506	Amineptine	LSM-45457	NA	0.37uM	24h	LINCSCP_136642	MCF7
0.2039	3.7644e-6	506	Deoxycholic acid	LSM-5529	GPBAR1	0.12uM	24h	LINCSCP_106141	HELA
0.2039	3.7809e-6	506	Ritonavir	LSM-5623	CYP1A2|CYP2B6|CYP2C19|CYP2C8|CYP2C9|CYP2D6|CYP2E1|CYP3A4|CYP3A5|CYP3A7	1.11uM	24h	LINCSCP_73303	A375
0.2038	3.8109e-6	506	LY2334737	LSM-45658	NA	10uM	24h	LINCSCP_138174	MCF7
0.2037	3.8337e-6	506	ABT-333	LSM-45402	NA	1.11uM	24h	LINCSCP_170528	YAPC
0.2037	3.8468e-6	506	Imatinib	LSM-1023	ABL1|BCR|CSF1R|KIT|PDGFRA|PDGFRB	1.11uM	24h	LINCSCP_110481	HELA
0.2037	3.8507e-6	506	GSK-1904529A	LSM-1134	IGF1R|INSR	10uM	3h	LINCSCP_130242	LNCAP
-0.2037	3.8513e-6	506	Flutamide	LSM-2621	AR	0.37uM	24h	LINCSCP_169197	YAPC
0.2037	3.854e-6	506	Clozapine	LSM-2823	ADRA1A|ADRA1B|CHRM1|CHRM2|CHRM3|CHRM4|DRD1|DRD2|DRD3|DRD4|HRH1|HRH4|HTR1A|HTR1B|HTR1D|HTR1E|HTR2A|HTR2C|HTR6|HTR7	0.04uM	24h	LINCSCP_157025	PC3
0.2036	3.8902e-6	506	LRRK2-IN-1	LSM-1086	LRRK2	0.37uM	24h	LINCSCP_131470	MCF10A
0.2036	3.8912e-6	506	Dasatinib	LSM-1020	ABL1|BCR|BLK|EPHA2|FGR|FRK|FYN|HCK|KIT|LCK|LYN|PDGFRB|SRC|SRMS|YES1	3.33uM	24h	LINCSCP_70168	A375
0.2036	3.9031e-6	506	Tivozanib	LSM-1005	FLT1|FLT4|KDR|KIT|PDGFRA|PDGFRB	1.11uM	24h	LINCSCP_171854	YAPC
0.2036	3.9047e-6	506	PF-4136309	LSM-45276	NA	0.12uM	24h	LINCSCP_110999	HELA
0.2036	3.9107e-6	506	CC-930	LSM-45244	MAPK10|MAPK8|MAPK9	1.11uM	24h	LINCSCP_77629	A375
0.2035	3.9411e-6	506	JX401	LSM-2097	MAPK14	10uM	24h	LINCSCP_17909	HCC515
0.2034	3.9595e-6	506	AC1NWAOC	LSM-21624	NA	0.37uM	24h	LINCSCP_139881	MCF7
0.2034	3.969e-6	506	AZD-1775	LSM-1153	WEE1	0.37uM	24h	LINCSCP_158292	PC3
0.2034	3.9802e-6	506	Methyldopa	LSM-5596	ADRA2A|ADRA2B|ADRA2C|DDC	0.12uM	24h	LINCSCP_125036	HT29
0.2034	4.0028e-6	506	CP-724714	LSM-42777	ERBB2	3.33uM	24h	LINCSCP_142080	MCF7
0.2033	4.0079e-6	506	BRD-K95545045	LSM-14286	NA	1uM	6h	LINCSCP_37402	MCF7
0.2033	4.0229e-6	506	Alvimopan (monohydrate)	LSM-45414	OPRM1	1.11uM	24h	LINCSCP_127626	HT29
0.2032	4.0545e-6	506	Afuresertib	LSM-42768	AKT1|AKT2|AKT3	3.33uM	24h	LINCSCP_92195	HA1E
0.2032	4.0876e-6	506	Nebivolol	LSM-45235	NA	10uM	24h	LINCSCP_121589	HT29
0.2032	4.0877e-6	506	Palbociclib	LSM-1071	CCND1|CDK4|CDK6	0.37uM	24h	LINCSCP_132644	MCF7
-0.2032	4.0877e-6	506	Entinostat	LSM-4811	HDAC1|HDAC10|HDAC11|HDAC2|HDAC3|HDAC4|HDAC5|HDAC6|HDAC7|HDAC8|HDAC9	0.04uM	24h	LINCSCP_28659	HT29
0.2031	4.135e-6	506	Tosedostat	LSM-6286	ANPEP|C9orf3|DNPEP|ENPEP|ERAP1|ERAP2|LAP3|LNPEP|LVRN|METAP1|METAP1D|METAP2|NPEPL1|NPEPPS|RNPEP|RNPEPL1|XPNPEP1|XPNPEP2|XPNPEP3	10uM	24h	LINCSCP_143207	MCF7
0.203	4.148e-6	506	Nimesulide	LSM-3718	LTF|PTGS2	10uM	24h	LINCSCP_142973	MCF7
0.203	4.1562e-6	506	GSK-3 Inhibitor IX	LSM-42780	NA	0.37uM	24h	LINCSCP_163525	SKBR3
-0.2029	4.1932e-6	506	BRD-K57321627	LSM-40413	NA	5uM	24h	LINCSCP_59894	VCAP
0.2029	4.2097e-6	506	LCQ-908	LSM-45255	DGAT1	0.04uM	24h	LINCSCP_103033	HELA
0.2029	4.2147e-6	506	Dasatinib	LSM-1020	ABL1|BCR|BLK|EPHA2|FGR|FRK|FYN|HCK|KIT|LCK|LYN|PDGFRB|SRC|SRMS|YES1	1.11uM	24h	LINCSCP_159430	PC3
0.2029	4.2275e-6	506	VGX-1027	LSM-45622	NA	10uM	24h	LINCSCP_135326	MCF7
0.2029	4.2307e-6	506	Pevonedistat	LSM-6263	NAE1|UBA3	10uM	6h	LINCSCP_12971	EFO27
0.2028	4.2432e-6	506	AZD-1775	LSM-1153	WEE1	0.37uM	24h	LINCSCP_171891	YAPC
0.2028	4.2474e-6	506	heraclenol	LSM-45686	NA	1.11uM	24h	LINCSCP_154747	PC3
0.2028	4.2563e-6	506	Gemifloxacin	LSM-44972	NA	1.11uM	24h	LINCSCP_93782	HA1E
0.2028	4.2643e-6	506	HLI-373	LSM-6225	MDM2	10uM	6h	LINCSCP_50582	PL21
0.2028	4.2728e-6	506	OSI-930	LSM-1179	FLT1|FLT4|KDR|KIT	0.12uM	24h	LINCSCP_165344	SKL
0.2028	4.2773e-6	506	Formoterol	LSM-4251	ADRB2	3.33uM	24h	LINCSCP_123499	HT29
0.2027	4.2806e-6	506	BRD-K47535255	LSM-37099	NA	10uM	24h	LINCSCP_43241	NPC
0.2027	4.2988e-6	506	Ellagic acid	LSM-36455	CA1|CA12|CA14|CA2|CA4|CA6|CA9|SYK	0.12uM	24h	LINCSCP_166656	YAPC
0.2026	4.3608e-6	506	MLS002391491	LSM-2817	NA	10uM	24h	LINCSCP_237862	MCF7
0.2026	4.3719e-6	506	Sumatriptan	LSM-5618	HTR1A|HTR1B|HTR1D|HTR1F	10uM	24h	LINCSCP_106887	HELA
0.2025	4.3972e-6	506	PD153035 (Hydrochloride)	LSM-45421	NA	10uM	24h	LINCSCP_89405	HA1E
0.2025	4.41e-6	506	Palbociclib	LSM-1071	CCND1|CDK4|CDK6	1.11uM	24h	LINCSCP_116597	HT29
0.2025	4.4126e-6	506	Tyrphostin AG-112	LSM-43079	NA	3.33uM	24h	LINCSCP_73422	A375
0.2025	4.4144e-6	506	MLN-8054	LSM-1066	AURKA	10uM	6h	LINCSCP_12041	BT20
0.2024	4.4273e-6	506	BRD-A08662020	LSM-45607	NA	0.12uM	24h	LINCSCP_158245	PC3
0.2024	4.4536e-6	506	BRD-A24396574-001-01-5	LSM-5006	NA	0.04uM	24h	LINCSCP_129858	LNCAP
0.2024	4.4604e-6	506	2-Chloro-10H-phenothiazine-10-propanamine 5-oxide	LSM-36914	NA	10uM	24h	LINCSCP_41155	NEU
0.2023	4.4967e-6	506	CGP-12177	LSM-1474	NA	0.37uM	24h	LINCSCP_122389	HT29
0.2023	4.5224e-6	506	Iguratimod	LSM-45469	NA	3.33uM	24h	LINCSCP_138067	MCF7
0.2022	4.5359e-6	506	CHEMBL1673039	LSM-1093	LRRK2|MAPK7	0.37uM	24h	LINCSCP_116858	HT29
0.2022	4.5401e-6	506	NCGC00346967-01	LSM-6297	EPHB3	1.11uM	24h	LINCSCP_165954	SKL
0.2022	4.5603e-6	506	2-(Ethylmercuriothio)benzoic acid	LSM-5710	NA	1.11uM	24h	LINCSCP_98668	HA1E
0.2022	4.5655e-6	506	Levetiracetam	LSM-5603	CACNA1B|SV2A	10uM	24h	LINCSCP_96462	HA1E
0.2022	4.567e-6	506	TUL_XX087	LSM-36794	NA	10uM	6h	LINCSCP_42023	NOMO1
0.2021	4.6e-6	506	Withaferin A	LSM-6685	IKBKB|NAMPT	0.37uM	3h	LINCSCP_130215	LNCAP
0.2021	4.6006e-6	506	Lersivirine	LSM-45853	NA	0.37uM	24h	LINCSCP_170607	YAPC
0.2021	4.6211e-6	506	Andrographolide	LSM-45595	NA	10uM	24h	LINCSCP_77018	A375
0.202	4.6488e-6	506	Gefitinib	LSM-1098	EGFR	0.04uM	3h	LINCSCP_145932	MDAMB231
0.2019	4.6772e-6	506	Mebendazole	LSM-3749	NA	0.12uM	24h	LINCSCP_139714	MCF7
0.2019	4.6864e-6	506	Bosentan	LSM-5825	EDNRA|EDNRB	10uM	24h	LINCSCP_174653	YAPC
0.2019	4.7283e-6	506	AC1L1IKY	LSM-5389	NA	1.11uM	24h	LINCSCP_171377	YAPC
0.2018	4.7291e-6	506	Fenoldopam	LSM-1609	DRD1	0.37uM	24h	LINCSCP_120542	HT29
0.2017	4.7889e-6	506	Cytisine	LSM-6464	NA	1.11uM	24h	LINCSCP_139538	MCF7
0.2017	4.7948e-6	506	Trovafloxacin mesylate	LSM-45386	NA	0.04uM	24h	LINCSCP_138497	MCF7
0.2017	4.8055e-6	506	LACOSAMIDE	LSM-45385	SCN10A|SCN11A|SCN1A|SCN2A|SCN3A|SCN4A|SCN5A|SCN7A|SCN8A|SCN9A	0.37uM	24h	LINCSCP_125869	HT29
-0.2017	4.8231e-6	506	Donitriptan hydrochloride	LSM-45430	HTR1B|HTR1D|PTGDR2	0.37uM	24h	LINCSCP_155771	PC3
0.2016	4.8406e-6	506	BRD-A59145032	LSM-36421	NA	10uM	24h	LINCSCP_6322	A549
0.2016	4.8481e-6	506	Radicicol	LSM-43303	NA	0.12uM	24h	LINCSCP_81589	A549
0.2015	4.9004e-6	506	Nateglinide	LSM-5555	ABCC8|KCNJ11	3.33uM	24h	LINCSCP_157374	PC3
0.2015	4.9311e-6	506	SCHEMBL618594	LSM-1070	NA	10uM	24h	LINCSCP_164549	SKL.C
0.2015	4.938e-6	506	Tonabersat	LSM-45914	NA	0.37uM	24h	LINCSCP_168892	YAPC
0.2014	4.9837e-6	506	Lafutidine	LSM-45448	NA	0.12uM	24h	LINCSCP_95760	HA1E
0.2013	5.0009e-6	506	3,7-Bis(dimethylamino)phenothiazin-5-ium	LSM-4555	ACHE	10uM	6h	LINCSCP_50580	PL21
0.2013	5.0014e-6	506	Atenolol	LSM-4355	ADRB1|ADRB2	3.33uM	24h	LINCSCP_174594	YAPC
0.2013	5.0123e-6	506	GSK 1059615	LSM-42799	PIK3CA|PIK3CB|PIK3CD|PIK3CG	0.04uM	24h	LINCSCP_131927	MCF7
0.2012	5.0756e-6	506	Tamatinib	LSM-1040	SYK	1.11uM	3h	LINCSCP_145683	MDAMB231
0.2012	5.0784e-6	506	testosterone	LSM-4025	AR	10uM	24h	LINCSCP_161210	PC3
0.2012	5.0794e-6	506	Nocodazole	LSM-2260	NA	10uM	24h	LINCSCP_43221	NPC
0.2012	5.1056e-6	506	PHA-665752	LSM-42793	MET	10uM	3h	LINCSCP_132306	MCF7
0.2011	5.1273e-6	506	Linifanib	LSM-1183	CSF1R|FLT1|FLT3|FLT4|KDR|PDGFRA|PDGFRB	0.37uM	24h	LINCSCP_163686	SKBR3
0.2011	5.1376e-6	506	Cobicistat (GS-9350)	LSM-45771	CYP3A4|CYP3A43|CYP3A5|CYP3A7|CYP3A7-CYP3A51P	0.37uM	24h	LINCSCP_103617	HELA
0.2011	5.1594e-6	506	Rottlerin	LSM-42845	NA	10uM	24h	LINCSCP_15237	HA1E
0.201	5.1721e-6	506	SDZ NKT 343	LSM-45398	NA	0.04uM	24h	LINCSCP_107474	HELA
0.201	5.22e-6	506	CHEMBL2132289	LSM-1044	RPS6KA3	0.12uM	24h	LINCSCP_166023	SKL
0.2009	5.2585e-6	506	Apafant	LSM-2613	PTAFR	0.12uM	24h	LINCSCP_120975	HT29
0.2009	5.2652e-6	506	Tamibarotene	LSM-5493	RARA|RARB	10uM	6h	LINCSCP_26639	HT29
0.2009	5.28e-6	506	Oxandrolone	LSM-45444	AR	10uM	24h	LINCSCP_110851	HELA
0.2008	5.2851e-6	506	Penfluridol	LSM-2334	NA	0.37uM	24h	LINCSCP_121508	HT29
0.2008	5.2916e-6	506	Vernakalant (Hydrochloride)	LSM-45707	NA	10uM	24h	LINCSCP_154590	PC3
0.2008	5.2941e-6	506	CHEMBL1673039	LSM-1093	LRRK2|MAPK7	3.33uM	24h	LINCSCP_128323	HUVEC
0.2007	5.3573e-6	506	SCHEMBL3958507	LSM-5245	COQ8B|EGFR	0.12uM	3h	LINCSCP_163848	SKBR3
0.2007	5.3644e-6	506	Zofenopril (calcium)	LSM-45492	NA	0.04uM	24h	LINCSCP_172878	YAPC
0.2006	5.4333e-6	506	Sorafenib	LSM-1008	BRAF|DDR2|FGFR1|FLT1|FLT3|FLT4|KDR|KIT|PDGFRB|RAF1|RET	10uM	24h	LINCSCP_91450	HA1E
0.2005	5.474e-6	506	PHA-793887	LSM-1073	CDK1|CDK10|CDK11B|CDK12|CDK13|CDK14|CDK15|CDK16|CDK17|CDK18|CDK19|CDK2|CDK20|CDK3|CDK4|CDK5|CDK6|CDK7|CDK8|CDK9	10uM	3h	LINCSCP_145735	MDAMB231
0.2005	5.4933e-6	506	Venlafaxine	LSM-1616	SLC6A2|SLC6A4	3.33uM	24h	LINCSCP_123380	HT29
0.2004	5.5418e-6	506	Guggulsterone	LSM-1874	AR|NR1H4|NR3C1|NR3C2|PGR	10uM	24h	LINCSCP_14002	HA1E
0.2004	5.5591e-6	506	GSK 1059615	LSM-42799	PIK3CA|PIK3CB|PIK3CD|PIK3CG	1.11uM	24h	LINCSCP_115478	HS578T
0.2004	5.571e-6	506	Otenabant	LSM-45969	CNR1	0.12uM	24h	LINCSCP_167868	YAPC
0.2004	5.5717e-6	506	Halcinonide	LSM-3832	NR3C1	10uM	6h	LINCSCP_33250	MCF7
0.2003	5.6085e-6	506	GSK-1904529A	LSM-1134	IGF1R|INSR	0.5uM	6h	LINCSCP_29960	MCF10A
0.2003	5.6374e-6	506	Panobinostat	LSM-43059	HDAC1|HDAC10|HDAC11|HDAC2|HDAC3|HDAC4|HDAC5|HDAC6|HDAC7|HDAC8|HDAC9	0.01uM	24h	LINCSCP_17096	HA1E
0.2001	5.7114e-6	506	BRD-A32440707	LSM-45970	NA	1.11uM	24h	LINCSCP_93250	HA1E
0.2001	5.7297e-6	506	ASC-J9	LSM-45642	NA	3.33uM	24h	LINCSCP_166647	YAPC
0.2001	5.74e-6	506	Nimesulide	LSM-3718	LTF|PTGS2	3.33uM	24h	LINCSCP_174768	YAPC
0.2001	5.7521e-6	506	BAY 87-2243	LSM-45786	NA	3.33uM	24h	LINCSCP_174000	YAPC
0.2	5.783e-6	506	Sorafenib	LSM-1008	BRAF|DDR2|FGFR1|FLT1|FLT3|FLT4|KDR|KIT|PDGFRB|RAF1|RET	10uM	24h	LINCSCP_131152	MCF10A
